Building Address,"Building Type
(Office Building, Hotel, Retail Building, Mixed Development)","Green Mark Status 
(Yes – Green Mark building;
No – non-Green Mark building)",Green Mark Rating,Green Mark Year of Award,"Building Size
(Large Size Commercial Buildings: 
i) Office Building, Retail Building, and Mixed Development - GFA ≥ 15,000 m2
ii) Hotel - GFA ≥ 7,000 m2

Small Size Commercial Buildings:: 
i) Office Building, Retail Building, and Mixed Development - GFA < 15,000 m2
ii) Hotel - GFA < 7,000 m2)",Gross Floor Area (m2),"2015 Energy Use Intensity (EUI)
(kWh/m2.yr) ","2016 
Energy Use Intensity
(EUI) 
(kWh/m2.yr) ",Voluntary Disclosure,postal_code,lat,lon,plan_area
"18 CROSS STREET, SINGAPORE 048423",Office,Yes,Gold,2016.0,Large,62469.0,214.0,188,Y,048423,1.28355426127583,103.846882908595,OUTRAM
"1 MARITIME SQUARE, SINGAPORE 099253",Office,Yes,Platinum,2014.0,Large,169727.0,247.0,245,Y,099253,1.26447844519217,103.820315193363,BUKIT MERAH
"5 MAXWELL ROAD, SINGAPORE 069110",Office,No,,,Large,84229.0,154.0,140,Y,069110,1.27904432386962,103.845635156718,DOWNTOWN CORE
"1 PICKERING STREET, SINGAPORE 048659",Office,Yes,Certified,2010.0,Large,43006.0,198.0,202,Y,048659,1.28483659689019,103.847649788426,OUTRAM
"180 CLEMENCEAU AVENUE, SINGAPORE 239922",Office,No,,,Large,16519.0,173.0,201,Y,239922,1.29726870983076,103.844126221921,MUSEUM
"10 HOE CHIANG ROAD, SINGAPORE 089315",Office,Yes,Gold,2010.0,Large,52945.0,147.0,159,Y,089315,1.27440248919531,103.842238244254,DOWNTOWN CORE
"75 SCIENCE PARK DRIVE, SINGAPORE 118255",Office,No,,,Large,54211.0,854.0,852,Y,118255,1.29005640233779,103.789990399181,QUEENSTOWN
"16 COLLEGE ROAD, SINGAPORE 169854",Office,No,,,Large,17137.0,118.0,119,Y,169854,1.28047518236571,103.833698843981,BUKIT MERAH
"12 SCIENCE PARK DRIVE, SINGAPORE 118225",Office,Yes,GoldPlus,2013.0,Large,75269.0,92.0,156,Y,118225,1.28959031017024,103.786921106765,QUEENSTOWN
"9 RAFFLES PLACE, SINGAPORE 048619",Office,Yes,Platinum,2014.0,Large,102356.0,245.0,243,Y,048619,1.28348363276903,103.850574036014,DOWNTOWN CORE
"80 ANSON ROAD, SINGAPORE 079907",Office,Yes,Platinum,2013.0,Large,48688.0,186.0,181,Y,079907,1.27311737895546,103.843586446705,DOWNTOWN CORE
"1 MAGAZINE ROAD, SINGAPORE 059567",Office,Yes,Platinum,2014.0,Large,15769.0,211.0,197,Y,059567,1.28842848666711,103.84230028531,SINGAPORE RIVER
"80 MARINE PARADE ROAD, SINGAPORE 449269",Office,Yes,Platinum,2016.0,Large,99012.0,330.0,333,Y,449269,1.30115259939855,103.905281816778,MARINE PARADE
"1 PARLIAMENT PLACE, SINGAPORE 178880",Office,Yes,Platinum,2015.0,Large,19765.0,130.0,134,Y,178880,1.28881003163657,103.850349009573,DOWNTOWN CORE
"152 BEACH ROAD, SINGAPORE 189721",Office,No,,,Large,70526.0,312.0,317,Y,189721,1.29881253234423,103.859342322482,DOWNTOWN CORE
"1 SCIENCE PARK DRIVE, SINGAPORE 118221",Office,No,,,Large,32079.0,323.0,340,Y,118221,1.29186792886862,103.785634649638,QUEENSTOWN
"140 HILL STREET, SINGAPORE 179369",Office,No,,,Large,26137.0,230.0,235,Y,179369,1.29097101454992,103.848283433386,MUSEUM
"1500 BENDEMEER ROAD, SINGAPORE 339946",Office,Yes,Platinum,2016.0,Large,27069.0,137.0,135,Y,339946,1.32614386394012,103.869092979661,KALLANG
"18 HAVELOCK ROAD, SINGAPORE 059764",Office,Yes,Platinum,2014.0,Large,32034.0,140.0,133,Y,059764,1.28754261569163,103.844071679954,SINGAPORE RIVER
"133 CECIL STREET, SINGAPORE 069535",Office,No,,,Large,16122.0,162.0,163,Y,069535,1.28023616419184,103.849000148073,DOWNTOWN CORE
"1 RAFFLES LINK, SINGAPORE 039393",Office,Yes,GoldPlus,2014.0,Large,30461.0,527.0,518,Y,039393,1.2920291636627,103.855879205641,DOWNTOWN CORE
"300 BEACH ROAD, SINGAPORE 199555",Office,Yes,Platinum,2013.0,Large,62932.0,125.0,126,Y,199555,1.30104742257427,103.862626110668,DOWNTOWN CORE
"371 ALEXANDRA ROAD, SINGAPORE 159963",Office,No,,,Large,17828.0,293.0,287,Y,159963,1.28473749728194,103.802575200723,BUKIT MERAH
"101 JALAN BAHAR, SINGAPORE 649734",Office,No,,,Large,38978.0,126.0,128,Y,649734,1.36733776396496,103.692104143231,WESTERN WATER CATCHMENT
"91 UBI AVENUE 4, SINGAPORE 408827",Office,No,,,Large,49327.0,168.0,171,Y,408827,1.33427294506964,103.893120901028,GEYLANG
"1 SHERWOOD ROAD, SINGAPORE 248163",Office,Yes,Gold,2014.0,Large,35533.0,260.0,249,Y,248163,1.30403314416732,103.817387551265,TANGLIN
"3A INTERNATIONAL BUSINESS PARK, SINGAPORE 609935",Office,Yes,GoldPlus,2009.0,Large,41135.0,129.0,120,Y,609935,1.32760824365397,103.749219232772,JURONG EAST
"3 INTERNATIONAL BUSINESS PARK, SINGAPORE 609927",Office,No,,,Large,28378.0,163.0,142,Y,609927,1.32702482428064,103.748355514202,JURONG EAST
"80 ROBINSON ROAD, SINGAPORE 068898",Office,No,,,Large,31031.0,227.0,201,Y,068898,1.28013746997584,103.849316412731,DOWNTOWN CORE
"10 TOH GUAN ROAD, SINGAPORE 608838",Office,No,,,Large,50000.0,141.0,160,Y,608838,1.33225990249213,103.748074842021,JURONG EAST
"11 BRANI WAY, SINGAPORE 098658",Office,No,,,Large,42982.0,229.0,241,Y,098658,1.25776417588652,103.831774474826,BUKIT MERAH
"90 GOODMAN ROAD, SINGAPORE 439053",Office,No,,,Large,16153.0,114.0,112,Y,439053,1.30451422113193,103.884556247496,MARINE PARADE
"9 TAMPINES GRANDE, SINGAPORE 528735",Office,Yes,Platinum,2015.0,Large,33599.0,182.0,181,Y,528735,1.35571330189513,103.941302004065,TAMPINES
"100 HIGH STREET, SINGAPORE 179434",Office,Yes,Gold,2009.0,Large,41499.0,155.0,153,Y,179434,1.29067063202429,103.849819680672,DOWNTOWN CORE
"ORCHARD ROAD, SINGAPORE 238823",Office,No,,,Large,21521.0,148.0,160,Y,238823,1.30706679716097,103.843263772261,NEWTON
"143 CECIL STREET, SINGAPORE 069542",Office,No,,,Large,17306.0,189.0,187,Y,069542,1.27875862730082,103.848069533957,DOWNTOWN CORE
"16 COLLYER QUAY, SINGAPORE 049318",Office,No,,,Large,38596.0,252.0,253,Y,049318,1.28424248541962,103.852502853417,DOWNTOWN CORE
"20 UPPER CIRCULAR ROAD, SINGAPORE 058416",Office,No,,,Large,30281.0,161.0,160,Y,058416,1.28897209658289,103.848459830887,SINGAPORE RIVER
"24 RAFFLES PLACE, SINGAPORE 048621",Office,No,,,Large,37281.0,265.0,266,Y,048621,1.28385698427206,103.852128173355,DOWNTOWN CORE
"50 RAFFLES PLACE, SINGAPORE 048623",Office,No,,,Large,64277.0,321.0,279,Y,048623,1.28466506848636,103.852127483288,DOWNTOWN CORE
"79 ROBINSON ROAD, SINGAPORE 068897",Office,No,,,Large,45281.0,187.0,142,Y,068897,1.27714402952808,103.848055820236,DOWNTOWN CORE
"1 TAMPINES CENTRAL 5, SINGAPORE 529508",Office,No,,,Large,15551.0,347.0,397,Y,529508,1.35311433690453,103.943702415776,TAMPINES
"438 ALEXANDRA ROAD, SINGAPORE 119958",Office,Yes,Platinum,2014.0,Large,24895.0,130.0,129,Y,119958,1.27728139056494,103.802084103537,QUEENSTOWN
"63 MARKET STREET, SINGAPORE 048942",Office,No,,,Large,18275.0,423.0,442,Y,048942,1.28429423831109,103.850618904219,DOWNTOWN CORE
"25 INTERNATIONAL BUSINESS PARK, SINGAPORE 609916",Office,Yes,Platinum,2015.0,Large,28421.0,112.0,117,Y,609916,1.32519951668053,103.746377193352,JURONG EAST
"77 ROBINSON ROAD, SINGAPORE 068896",Office,No,,,Large,29961.0,236.0,230,Y,068896,1.27775258405306,103.848429019412,DOWNTOWN CORE
"307 ALEXANDRA ROAD, SINGAPORE 159943",Office,Yes,Platinum,2014.0,Large,16654.0,100.0,97,Y,159943,1.28907911938054,103.806882580794,BUKIT MERAH
"47 SCOTTS ROAD, SINGAPORE 228233",Office,No,,,Large,17815.0,245.0,234,Y,228233,1.31234735547871,103.837084701945,NEWTON
"40 SCOTTS ROAD, SINGAPORE 228231",Office,Yes,Platinum,2014.0,Large,49021.0,136.0,142,Y,228231,1.31076510269125,103.836394081433,NEWTON
"200 CANTONMENT ROAD, SINGAPORE 089763",Office,No,,,Large,33736.0,174.0,176,Y,089763,1.27342504453311,103.841261971386,BUKIT MERAH
"10 WOODLANDS AVENUE 8, SINGAPORE 738973",Office,Yes,Platinum,2014.0,Large,20175.0,41.0,42,Y,738973,1.45428714079221,103.800262079753,WOODLANDS
"600 NORTH BRIDGE ROAD, SINGAPORE 188778",Office,No,,,Large,39149.0,230.0,209,Y,188778,1.30019557614724,103.857615311375,DOWNTOWN CORE
"512 THOMSON ROAD, SINGAPORE 298136",Office,No,,,Large,19761.0,188.0,187,Y,298136,1.33371661741466,103.839419153542,TOA PAYOH
"200 BRADDELL ROAD, SINGAPORE 579700",Office,Yes,Platinum,2014.0,Large,53422.0,44.0,43,Y,579700,1.34446838396585,103.858721835904,BISHAN
"2 SHENTON WAY, SINGAPORE 068804",Office,No,,,Large,29964.0,290.0,312,Y,068804,1.27938886508381,103.849846148733,DOWNTOWN CORE
"4 SHENTON WAY, SINGAPORE 068807",Office,No,,,Large,29964.0,331.0,335,Y,068807,1.27927719519315,103.849796993929,DOWNTOWN CORE
"6 RAFFLES QUAY, SINGAPORE 048580",Office,No,,,Large,16105.0,269.0,260,Y,048580,1.28181247914636,103.85138450513,DOWNTOWN CORE
"501 OLD CHOA CHU KANG ROAD, SINGAPORE 698928",Office,No,,,Large,137488.0,137.0,136,Y,698928,1.37193281298228,103.720857409391,WESTERN WATER CATCHMENT
"10 PASIR PANJANG ROAD, SINGAPORE 117438",Office,Yes,Platinum,2013.0,Large,184324.0,179.0,177,Y,117438,1.27457425218392,103.79898592539,QUEENSTOWN
"10 KALLANG ROAD, SINGAPORE 208718",Office,No,,,Large,37819.0,348.0,345,Y,208718,1.30663469653195,103.862772815008,KALLANG
"20 HARBOUR DRIVE, SINGAPORE 117612",Office,Yes,Certified,2016.0,Large,23225.0,164.0,164,Y,117612,1.28322851391335,103.77908805534,QUEENSTOWN
"1 SOPHIA ROAD, SINGAPORE 228149",Office,No,,,Large,33952.0,233.0,243,Y,228149,1.30121698594691,103.84956899814,ROCHOR
"18 SCIENCE PARK DRIVE, SINGAPORE 118229",Office,No,,,Large,16155.0,1098.0,1095,Y,118229,1.29020797784005,103.788268018287,QUEENSTOWN
"8 SHENTON WAY, SINGAPORE 068811",Office,Yes,Platinum,2012.0,Large,95625.0,158.0,164,Y,068811,1.27572262809462,103.847266612595,DOWNTOWN CORE
"100 JALAN SULTAN, SINGAPORE 199001",Office,No,,,Large,17034.0,299.0,287,Y,199001,1.30294528666428,103.861851786605,KALLANG
"163 PENANG ROAD, SINGAPORE 238463",Office,Yes,GoldPlus,2014.0,Large,18451.0,201.0,200,Y,238463,1.29954055753541,103.840931101963,ORCHARD
"3 KILLINEY ROAD, SINGAPORE 239519",Office,No,,,Large,21055.0,191.0,179,Y,239519,1.29968396988716,103.84033910138,ORCHARD
"1 SUPREME COURT LANE, SINGAPORE 178879",Office,Yes,Gold,2014.0,Large,57757.0,155.0,159,Y,178879,1.29022779066454,103.850750258013,DOWNTOWN CORE
"4 BATTERY ROAD, SINGAPORE 049908",Office,No,,,Large,15480.0,383.0,373,Y,049908,1.28578489612351,103.852220034954,DOWNTOWN CORE
"16 RAFFLES QUAY, SINGAPORE 048581",Office,No,,,Large,47744.0,286.0,268,Y,048581,1.28136359915756,103.850914468583,DOWNTOWN CORE
"20 COLLYER QUAY, SINGAPORE 049319",Office,Yes,Certified,2013.0,Large,34736.0,213.0,217,Y,049319,1.28468928277083,103.852692297865,DOWNTOWN CORE
"1 AVIATION DRIVE, SINGAPORE 499867",Office,Yes,Platinum,2015.0,Large,22368.0,141.0,144,Y,499867,1.38831997107217,103.990313764139,CHANGI
"190 MIDDLE ROAD, SINGAPORE 188979",Office,Yes,Gold,2015.0,Large,25021.0,232.0,189,Y,188979,1.30041423392971,103.852292796726,ROCHOR
"460 ALEXANDRA ROAD, SINGAPORE 119963",Office,Yes,GoldPlus,2015.0,Large,79650.0,250.0,247,Y,119963,1.27398639988204,103.801264139551,QUEENSTOWN
"60 ANSON ROAD, SINGAPORE 079914",Office,Yes,Platinum,2013.0,Large,35657.0,207.0,223,Y,079914,1.27481626802236,103.845177360665,DOWNTOWN CORE
"2 HARBOURFRONT PLACE, SINGAPORE 098499",Office,Yes,Gold,2013.0,Large,22722.0,403.0,402,Y,098499,1.26581280840254,103.818868952573,BUKIT MERAH
"11 COLLYER QUAY, SINGAPORE 049317",Office,No,,,Large,19928.0,263.0,272,Y,049317,1.28361982304995,103.852058865041,DOWNTOWN CORE
"10 EUNOS ROAD 8, SINGAPORE 408600",Office,No,,,Large,137134.0,177.0,146,Y,408600,1.31902706853881,103.894758505483,GEYLANG
"6 BATTERY ROAD, SINGAPORE 049909",Office,Yes,Platinum,2014.0,Large,66408.0,192.0,191,Y,049909,1.28546633858293,103.851764064473,DOWNTOWN CORE
"20 ANSON ROAD, SINGAPORE 079912",Office,Yes,Platinum,2015.0,Large,23418.0,232.0,235,Y,079912,1.27536902177375,103.845646949217,DOWNTOWN CORE
"1 GEORGE STREET, SINGAPORE 049145",Office,Yes,GoldPlus,2014.0,Large,51661.0,237.0,215,Y,049145,1.28554561014596,103.847771909584,DOWNTOWN CORE
"8 WILKIE ROAD, SINGAPORE 228095",Office,Yes,Gold,2012.0,Large,29812.0,272.0,268,Y,228095,1.30209331287854,103.849554104864,ROCHOR
"168 ROBINSON ROAD, SINGAPORE 068912",Office,Yes,Platinum,2013.0,Large,95555.0,281.0,273,Y,068912,1.27763073260823,103.847572724879,DOWNTOWN CORE
"21 COLLYER QUAY, SINGAPORE 049320",Office,Yes,Certified,2013.0,Large,27061.0,267.0,234,Y,049320,1.28508096732428,103.852800724044,DOWNTOWN CORE
"3 TAMPINES GRANDE, SINGAPORE 528799",Office,No,,,Large,15343.0,277.0,304,Y,528799,1.35463349614222,103.941891421933,TAMPINES
"3 ANSON ROAD, SINGAPORE 079909",Office,No,,,Large,33846.0,264.0,242,Y,079909,1.27508475472297,103.84624628336,DOWNTOWN CORE
"200 CHANGI ROAD, SINGAPORE 419734",Office,No,,,Large,24707.0,116.0,114,Y,419734,1.31691915233148,103.903560614356,GEYLANG
"39 ROBINSON ROAD, SINGAPORE 068911",Office,Yes,Certified,2008.0,Large,15724.0,198.0,207,Y,068911,1.27959283204578,103.849547646073,DOWNTOWN CORE
"31 INTERNATIONAL BUSINESS PARK, SINGAPORE 609921",Office,No,,,Large,61720.0,261.0,179,Y,609921,1.32880462855507,103.745882872825,JURONG EAST
"61 ROBINSON ROAD, SINGAPORE 068893",Office,No,,,Large,15740.0,255.0,249,Y,068893,1.27926377555562,103.849347709351,DOWNTOWN CORE
"83 CLEMENCEAU AVENUE, SINGAPORE 239920",Office,No,,,Large,30809.0,507.0,522,Y,239920,1.2928043898883,103.842906944852,SINGAPORE RIVER
"350 ORCHARD ROAD, SINGAPORE 238868",Office,Yes,Gold,2012.0,Large,49048.0,292.0,280,Y,238868,1.30580981580562,103.831507365654,ORCHARD
"1 SCOTTS ROAD, SINGAPORE 228208",Office,Yes,Gold,2012.0,Large,43940.0,340.0,354,Y,228208,1.30618594739077,103.831980208498,ORCHARD
"360 ORCHARD ROAD, SINGAPORE 238869",Office,Yes,GoldPlus,2015.0,Large,15267.0,209.0,205,Y,238869,1.30607515954354,103.831003321455,ORCHARD
"30 CECIL STREET, SINGAPORE 049712",Office,Yes,GoldPlus,2013.0,Large,27699.0,208.0,183,Y,049712,1.2827970957662,103.849887722614,DOWNTOWN CORE
"1 INTERNATIONAL BUSINESS PARK, SINGAPORE 609917",Office,No,,,Large,41363.0,371.0,312,Y,609917,1.32906062869386,103.748667927372,JURONG EAST
"2 INTERNATIONAL BUSINESS PARK, SINGAPORE 609930",Office,No,,,Large,67370.0,256.0,240,Y,609930,1.33028201498891,103.747247200113,JURONG EAST
"3 CHURCH STREET, SINGAPORE 049483",Office,Yes,GoldPlus,2014.0,Large,27562.0,277.0,222,Y,049483,1.2832632231733,103.849626546611,DOWNTOWN CORE
"30 RAFFLES PLACE, SINGAPORE 048622",Office,No,,,Large,36631.0,246.0,258,Y,048622,1.28421477965482,103.852008834004,DOWNTOWN CORE
"51 BRAS BASAH ROAD, SINGAPORE 189554",Office,Yes,Platinum,2014.0,Large,20364.0,309.0,334,Y,189554,1.29793747849037,103.850182257356,MUSEUM
"1 HAVELOCK SQUARE, SINGAPORE 059724",Office,No,,,Large,29675.0,138.0,139,Y,059724,1.28623008813022,103.843386278002,OUTRAM
"36 ROBINSON ROAD, SINGAPORE 068877",Office,Yes,Platinum,2013.0,Large,20180.0,137.0,147,Y,068877,1.28122009688434,103.84979834686,DOWNTOWN CORE
"63 CHULIA STREET, SINGAPORE 049514",Office,Yes,Gold,2012.0,Large,22518.0,195.0,200,Y,049514,1.28489046523391,103.849665596009,DOWNTOWN CORE
"65 CHULIA STREET, SINGAPORE 049513",Office,Yes,Gold,2016.0,Large,75079.0,203.0,205,Y,049513,1.28503445044088,103.849102832547,DOWNTOWN CORE
"21 MEDIA CIRCLE, SINGAPORE 138562",Office,Yes,GoldPlus,2014.0,Large,20484.0,294.0,317,Y,138562,1.29238424432587,103.794685834653,QUEENSTOWN
"29 INTERNATIONAL BUSINESS PARK, SINGAPORE 609923",Office,No,,,Large,25044.0,158.0,153,Y,609923,1.3269753754609,103.746325536541,JURONG EAST
"79 ANSON ROAD, SINGAPORE 079906",Office,No,,,Large,26866.0,204.0,180,Y,079906,1.27409847579456,103.845671181577,DOWNTOWN CORE
"9 NORTH BUONA VISTA DRIVE, SINGAPORE 138588",Office,Yes,Platinum,2013.0,Large,100096.0,205.0,214,Y,138588,1.30624556811811,103.791237458059,QUEENSTOWN
"28 IRRAWADDY ROAD, SINGAPORE 329560",Office,No,,,Large,99091.0,374.0,378,Y,329560,1.32424705197326,103.845062688126,NOVENA
"9 BATTERY ROAD, SINGAPORE 049910",Office,Yes,Gold,2016.0,Large,18565.0,216.0,218,Y,049910,1.28513099274851,103.852344992142,DOWNTOWN CORE
"10 ANSON ROAD, SINGAPORE 079903",Office,Yes,GoldPlus,2012.0,Large,107758.0,172.0,171,Y,079903,1.27581120588262,103.845955084997,DOWNTOWN CORE
"100 BEACH ROAD, SINGAPORE 189702",Office,No,,,Large,47230.0,230.0,234,Y,189702,1.29615719409665,103.856933604404,DOWNTOWN CORE
"3 SECOND HOSPITAL AVENUE, SINGAPORE 168937",Office,Yes,Platinum,2013.0,Large,32148.0,159.0,162,Y,168937,1.27937281065482,103.838387502631,BUKIT MERAH
"12 AYER RAJAH CRESCENT, SINGAPORE 139941",Office,No,,,Large,21598.0,1048.0,1034,Y,139941,1.2961513585024,103.788072903758,QUEENSTOWN
"491 RIVER VALLEY ROAD, SINGAPORE 248371",Office,Yes,Gold,2012.0,Large,27291.0,479.0,475,Y,248371,1.2930991715203,103.827046215651,TANGLIN
"180 CECIL STREET, SINGAPORE 069546",Office,No,,,Large,15590.0,126.0,127,Y,069546,1.2791683710435,103.847704975673,DOWNTOWN CORE
"55 NEWTON ROAD, SINGAPORE 307987",Office,Yes,Platinum,2014.0,Large,86492.0,176.0,173,Y,307987,1.31948959007238,103.841975308494,NOVENA
"89 SCIENCE PARK DRIVE, SINGAPORE 118261",Office,No,,,Large,20143.0,290.0,277,Y,118261,1.28797949416507,103.791337056727,QUEENSTOWN
"109 PASIR PANJANG ROAD, SINGAPORE 118536",Office,No,,,Large,15423.0,199.0,200,Y,118536,1.27493139629834,103.793387821275,QUEENSTOWN
"10 SHENTON WAY, SINGAPORE 079117",Office,Yes,Platinum,2015.0,Large,55206.0,162.0,163,Y,079117,1.27476842632545,103.846679853865,DOWNTOWN CORE
"78 SHENTON WAY, SINGAPORE 079120",Office,No,,,Large,45929.0,216.0,219,Y,079120,1.27320006221557,103.84529056566,DOWNTOWN CORE
"51 CUPPAGE ROAD, SINGAPORE 229469",Office,Yes,Gold,2014.0,Large,30915.0,165.0,169,Y,229469,1.3028537001051,103.840156149281,ORCHARD
"11 OUTRAM ROAD, SINGAPORE 169078",Office,Yes,Gold,2012.0,Large,17226.0,483.0,476,Y,169078,1.28044812109897,103.83850336886,BUKIT MERAH
"23 CHURCH STREET, SINGAPORE 049481",Office,Yes,GoldPlus,2015.0,Large,36196.0,357.0,357,Y,049481,1.28362986367061,103.849100725691,OUTRAM
"900 SOUTH WOODLANDS DRIVE, SINGAPORE 730900",Office,Yes,Platinum,2015.0,Large,38235.0,259.0,270,Y,730900,1.43505698925938,103.787004308703,WOODLANDS
"100 VICTORIA STREET, SINGAPORE 188064",Office,Yes,Platinum,2015.0,Large,58783.0,233.0,232,Y,188064,1.29762605480882,103.854179013898,DOWNTOWN CORE
"71 ROBINSON ROAD, SINGAPORE 068895",Office,Yes,Gold,2015.0,Large,24089.0,239.0,249,Y,068895,1.27838397079891,103.848812961411,DOWNTOWN CORE
"168 JALAN BUKIT MERAH, SINGAPORE 150168",Office,Yes,Platinum,2014.0,Large,95696.0,146.0,147,Y,150168,1.28308392545022,103.81931340476,BUKIT MERAH
"750 CHAI CHEE ROAD, SINGAPORE 469000",Office,No,,,Large,141840.96,795.0,792,Y,469000,1.32365172481192,103.922102955664,BEDOK
"896 DUNEARN ROAD, SINGAPORE 589472",Office,No,,,Large,23533.0,174.0,202,Y,589472,1.33660379178017,103.783876655078,BUKIT TIMAH
"2 FUSIONOPOLIS WAY, SINGAPORE 138634",Office,Yes,Platinum,2011.0,Large,41193.0,251.0,447,Y,138634,1.29842618269904,103.788697913817,QUEENSTOWN
"6 FUSIONOPOLIS WAY, SINGAPORE 138636",Office,Yes,Platinum,2011.0,Large,19173.0,206.0,914,Y,138636,1.2991104909562,103.788840649202,QUEENSTOWN
"8 JURONG TOWN HALL ROAD, SINGAPORE 609434",Office,Yes,Platinum,2013.0,Large,56527.0,158.0,156,Y,609434,1.3313634717169,103.741683568768,JURONG EAST
"9 JURONG TOWN HALL ROAD, SINGAPORE 609431",Office,No,,,Large,26248.0,67.0,33,Y,609431,1.32872179304039,103.74193226099,JURONG EAST
"1 CLEANTECH LOOP, SINGAPORE 637141",Office,Yes,Platinum,2011.0,Large,28800.0,292.0,298,Y,637141,1.35539828173454,103.69237945253,WESTERN WATER CATCHMENT
"4 FUSIONOPOLIS WAY, SINGAPORE 138635",Office,Yes,Platinum,2011.0,Large,33123.0,84.0,290,Y,138635,1.29814278430466,103.789148552727,QUEENSTOWN
"3 CLEANTECH LOOP, SINGAPORE 637143",Office,Yes,Platinum,2013.0,Large,22485.0,94.0,133,Y,637143,1.35523053316172,103.693447436835,WESTERN WATER CATCHMENT
"50 SCIENCE PARK ROAD, SINGAPORE 117406",Office,No,,,Large,20190.0,599.0,649,Y,117406,1.28588931446437,103.783512088621,QUEENSTOWN
"61 SCIENCE PARK ROAD, SINGAPORE 117525",Office,No,,,Large,30545.0,307.0,243,Y,117525,1.28655109635518,103.784086015551,QUEENSTOWN
"1 SCIENCE PARK ROAD, SINGAPORE 117528",Office,No,,,Large,28602.0,225.0,198,Y,117528,1.28945419226448,103.778326622956,QUEENSTOWN
"10 SCIENCE PARK ROAD, SINGAPORE 117684",Office,No,,,Large,28533.0,249.0,223,Y,117684,1.2887532295364,103.780034488623,QUEENSTOWN
"41 SCIENCE PARK ROAD, SINGAPORE 117610",Office,No,,,Large,32629.0,510.0,466,Y,117610,1.28874338578167,103.782835762303,QUEENSTOWN
"1 CHANGI BUSINESS PARK CENTRAL 1, SINGAPORE 486036",Office,Yes,GoldPlus,2011.0,Large,71158.0,262.0,254,Y,486036,1.33352582052952,103.962576462766,TAMPINES
"151 CHIN SWEE ROAD, SINGAPORE 169876",Office,No,,,Large,16450.0,180.0,171,Y,169876,1.28703443823013,103.840813247609,OUTRAM
"1 HAMPSHIRE ROAD, SINGAPORE 219428",Office,No,,,Large,37923.0,257.0,251,Y,219428,1.3074454154769,103.848862289616,KALLANG
"20 SCIENCE PARK ROAD, SINGAPORE 117674",Office,No,,,Large,23977.0,356.0,315,Y,117674,1.28646421483468,103.781863947157,QUEENSTOWN
"3 TEMASEK AVENUE, SINGAPORE 039190",Office,Yes,GoldPlus,2011.0,Large,64846.0,219.0,200,Y,039190,1.29359259248898,103.860272508443,DOWNTOWN CORE
"2 BUKIT MERAH CENTRAL, SINGAPORE 159835",Office,No,,,Large,23278.0,258.0,270,Y,159835,1.28407802916981,103.813672735513,BUKIT MERAH
"1A INTERNATIONAL BUSINESS PARK, SINGAPORE 609933",Office,Yes,Gold,2013.0,Large,19967.0,154.0,133,Y,609933,1.3280644614245,103.748381440005,JURONG EAST
"43 CARPENTER STREET, SINGAPORE 059922",Office,No,,,Small,913.0,276.0,248,Y,059922,1.28775093572357,103.848018535263,SINGAPORE RIVER
"731 NORTH BRIDGE ROAD, SINGAPORE 198699",Office,No,,,Small,385.0,184.0,201,Y,198699,1.30290833120091,103.858792868088,ROCHOR
"50 CUSCADEN ROAD, SINGAPORE 249724",Office,No,,,Small,7372.0,330.0,312,Y,249724,1.30572373922754,103.82810604464,ORCHARD
"2 LENGKOK BAHRU, SINGAPORE 159047",Office,No,,,Small,5199.0,219.0,219,Y,159047,1.2867006427442,103.810819756429,BUKIT MERAH
"50 SOUTH BRIDGE ROAD, SINGAPORE 058682",Office,No,,,Small,974.0,137.0,129,Y,058682,1.28769482359984,103.848230329512,SINGAPORE RIVER
"87 BEACH ROAD, SINGAPORE 189695",Office,No,,,Small,2206.0,208.0,205,Y,189695,1.297402484453,103.856646124201,DOWNTOWN CORE
"137 MARKET STREET, SINGAPORE 048943",Office,Yes,GoldPlus,2009.0,Small,5030.0,165.0,169,Y,048943,1.28222967286645,103.850519734066,DOWNTOWN CORE
"163 TRAS STREET, SINGAPORE 079024",Office,No,,,Small,3225.0,107.0,116,Y,079024,1.27471816977998,103.843991144474,DOWNTOWN CORE
"100 CECIL STREET, SINGAPORE 069532",Office,No,,,Small,5824.0,201.0,182,Y,069532,1.2811356333691,103.848958262081,DOWNTOWN CORE
"84 SOUTH BRIDGE ROAD, SINGAPORE 058714",Office,No,,,Small,1086.0,91.0,90,Y,058714,1.28679788961392,103.847735348073,SINGAPORE RIVER
"22 BUKIT PASOH ROAD, SINGAPORE 089836",Office,No,,,Small,4331.0,65.0,71,Y,089836,1.27918441604346,103.84084739584,OUTRAM
"80 SOUTH BRIDGE ROAD, SINGAPORE 058710",Office,No,,,Small,291.0,741.0,905,Y,058710,1.28687554213386,103.847794080986,SINGAPORE RIVER
"74 SOUTH BRIDGE ROAD, SINGAPORE 058704",Office,No,,,Small,337.0,155.0,206,Y,058704,1.28700867262692,103.847860164478,SINGAPORE RIVER
"77 HIGH STREET, SINGAPORE 179433",Office,No,,,Small,10418.0,153.0,148,Y,179433,1.2904540746831,103.849358869172,DOWNTOWN CORE
"3 MILLER STREET, SINGAPORE 188899",Office,No,,,Small,465.0,66.0,79,Y,188899,1.29680637553002,103.853002674525,DOWNTOWN CORE
"28 NORTH CANAL ROAD, SINGAPORE 059284",Office,No,,,Small,1865.0,227.0,228,Y,059284,1.28688527735672,103.847519656729,SINGAPORE RIVER
"99 BUKIT TIMAH ROAD, SINGAPORE 229835",Office,No,,,Small,7526.0,251.0,256,Y,229835,1.30732985493734,103.847051406648,ROCHOR
"141 MIDDLE ROAD, SINGAPORE 188976",Office,No,,,Small,4192.0,236.0,208,Y,188976,1.29943775475739,103.85240273741,ROCHOR
"32 MAXWELL ROAD, SINGAPORE 069115",Office,No,,,Small,7040.0,203.0,236,Y,069115,1.27748817305035,103.846222184202,DOWNTOWN CORE
"35 KELANTAN LANE, SINGAPORE 208652",Office,No,,,Small,475.0,182.0,191,Y,208652,1.30678018991167,103.856783814938,ROCHOR
"28 MAXWELL ROAD, SINGAPORE 069120",Office,No,,,Small,10982.0,183.0,175,Y,069120,1.27823747504174,103.845617570616,DOWNTOWN CORE
"25 NORTH BRIDGE ROAD, SINGAPORE 179104",Office,No,,,Small,5841.0,255.0,279,Y,179104,1.29017120639075,103.849700617519,DOWNTOWN CORE
"41 MIDDLE ROAD, SINGAPORE 188950",Office,No,,,Small,1350.0,72.0,82,Y,188950,1.29702150960937,103.855386164465,DOWNTOWN CORE
"43 BEACH ROAD, SINGAPORE 189681",Office,No,,,Small,1400.0,125.0,110,Y,189681,1.2962665837244,103.855838016599,DOWNTOWN CORE
"64 CECIL STREET, SINGAPORE 049711",Office,No,,,Small,5111.0,256.0,259,Y,049711,1.28198591216901,103.849400432854,DOWNTOWN CORE
"1 KEONG SAIK ROAD, SINGAPORE 089109",Office,No,,,Small,3181.0,180.0,254,Y,089109,1.27891832141462,103.841421971652,OUTRAM
"11 INTERNATIONAL BUSINESS PARK, SINGAPORE 609926",Office,No,,,Small,8157.0,926.0,1021,Y,609926,1.32423250494366,103.750595101899,JURONG EAST
"18 JALAN MASJID, SINGAPORE 418944",Office,No,,,Small,3661.0,256.0,263,Y,418944,1.32037255609864,103.912642849629,BEDOK
"70 SOUTH BRIDGE ROAD, SINGAPORE 058700",Office,No,,,Small,602.0,103.0,68,Y,058700,1.28709625845764,103.847903177041,SINGAPORE RIVER
"72 SOUTH BRIDGE ROAD, SINGAPORE 058702",Office,No,,,Small,578.0,177.0,167,Y,058702,1.28703572211884,103.847904883854,SINGAPORE RIVER
"163 GEYLANG ROAD, SINGAPORE 389240",Office,No,,,Small,1174.0,331.0,343,Y,389240,1.31159827079308,103.874555798417,KALLANG
"15 QUEEN STREET, SINGAPORE 188537",Office,No,,,Small,10471.0,231.0,226,Y,188537,1.29800516098231,103.852642237321,ROCHOR
"701 GEYLANG ROAD, SINGAPORE 389687",Office,No,,,Small,1943.0,259.0,246,Y,389687,1.31478597560553,103.889462295301,GEYLANG
"540 SIMS AVENUE, SINGAPORE 387603",Office,No,,,Small,1943.0,210.0,202,Y,387603,1.31616810157098,103.889561883558,GEYLANG
"8 STEVENS ROAD, SINGAPORE 257819",Office,No,,,Small,799.0,115.0,144,Y,257819,1.31246598918076,103.832750848487,NEWTON
"3 LIM TECK KIM ROAD, SINGAPORE 088934",Office,No,,,Small,11908.0,259.0,261,Y,088934,1.27328869781097,103.842343825179,DOWNTOWN CORE
"333 NORTH BRIDGE ROAD, SINGAPORE 188721",Office,No,,,Small,2699.0,453.0,498,Y,188721,1.29613874144379,103.853609529481,DOWNTOWN CORE
"420 NORTH BRIDGE ROAD, SINGAPORE 188727",Office,Yes,Gold,2014.0,Small,9164.0,141.0,142,Y,188727,1.29719949216524,103.854944130225,DOWNTOWN CORE
"711 GEYLANG ROAD, SINGAPORE 389626",Office,No,,,Small,1939.0,127.0,128,Y,389626,1.31487379175539,103.889947604393,GEYLANG
"37 MIDDLE ROAD, SINGAPORE 188946",Office,No,,,Small,1238.0,172.0,150,Y,188946,1.29698190729686,103.855478939997,DOWNTOWN CORE
"33 MAUDE ROAD, SINGAPORE 208344",Office,No,,,Small,1459.0,116.0,118,Y,208344,1.30743688049676,103.858683928644,KALLANG
"10 PRINSEP LINK, SINGAPORE 187948",Office,No,,,Small,10555.0,718.0,682,Y,187948,1.30046735366415,103.850556061949,ROCHOR
"11 TAMPINES CONCOURSE, SINGAPORE 528729",Office,Yes,GoldPlus,2015.0,Small,11520.0,204.0,216,Y,528729,1.35590077042404,103.941176103843,TAMPINES
"120 CANTONMENT ROAD, SINGAPORE 089760",Office,No,,,Small,7428.0,128.0,124,Y,089760,1.27665188699021,103.840365711835,BUKIT MERAH
"81 KIM KEAT ROAD, SINGAPORE 328836",Office,No,,,Small,11060.0,149.0,155,Y,328836,1.32648059531275,103.854441721262,NOVENA
"11 TAMPINES CENTRAL 1, SINGAPORE 529542",Office,Yes,Gold,2014.0,Small,10777.0,1060.0,1068,Y,529542,1.35451927028264,103.9422023716,TAMPINES
"31 TAMPINES AVENUE 4, SINGAPORE 529680",Office,Yes,Gold,2014.0,Small,8946.0,268.0,275,Y,529680,1.35221579377494,103.94240127802,TAMPINES
"24 CHEONG CHIN NAM ROAD, SINGAPORE 599747",Office,No,,,Small,1554.0,458.0,394,Y,599747,1.34378940038285,103.774793878021,BUKIT TIMAH
"8 ROBINSON ROAD, SINGAPORE 048544",Office,No,,,Small,4550.0,176.0,176,Y,048544,1.28225737219454,103.850839372188,DOWNTOWN CORE
"75 BRAS BASAH ROAD, SINGAPORE 189557",Office,No,,,Small,8975.0,352.0,340,Y,189557,1.29655514144455,103.851704260643,MUSEUM
"30 PRINSEP STREET, SINGAPORE 188647",Office,Yes,Gold,2014.0,Small,5498.0,294.0,288,Y,188647,1.29901452820834,103.849610057454,ROCHOR
"3 BISHAN PLACE, SINGAPORE 579838",Office,No,,,Small,8060.0,758.0,783,Y,579838,1.34966023765352,103.84918960945,BISHAN
"21 JURONG GATEWAY ROAD, SINGAPORE 608546",Office,No,,,Small,4745.0,246.0,235,Y,608546,1.33503600662426,103.739670168956,JURONG EAST
"20 MCCALLUM STREET, SINGAPORE 069046",Office,Yes,GoldPlus,2008.0,Small,14671.0,181.0,184,Y,069046,1.27958236092444,103.847918363171,DOWNTOWN CORE
"168 CHANGI ROAD, SINGAPORE 419730",Office,No,,,Small,1671.0,159.0,163,Y,419730,1.31691527025645,103.902803354986,GEYLANG
"260 TANJONG PAGAR ROAD, SINGAPORE 088542",Office,No,,,Small,3700.0,163.0,166,Y,088542,1.27372070013498,103.842914793356,DOWNTOWN CORE
"75 BUKIT TIMAH ROAD, SINGAPORE 229833",Office,No,,,Small,11950.0,137.0,144,Y,229833,1.30702711247545,103.84750933358,ROCHOR
"11 KENG CHEOW STREET, SINGAPORE 059608",Office,No,,,Small,3263.0,198.0,185,Y,059608,1.28852635485141,103.843960031317,SINGAPORE RIVER
"15 PHILLIP STREET, SINGAPORE 048694",Office,No,,,Small,1504.0,293.0,298,Y,048694,1.28450142576706,103.849916001844,DOWNTOWN CORE
"14 ROBINSON ROAD, SINGAPORE 048545",Office,No,,,Small,6268.0,147.0,135,Y,048545,1.2821417096259,103.85075483266,DOWNTOWN CORE
"452 NORTH BRIDGE ROAD, SINGAPORE 188733",Office,No,,,Small,868.0,346.0,316,Y,188733,1.29774507797931,103.855339112642,DOWNTOWN CORE
"4 ROBINSON ROAD, SINGAPORE 048543",Office,No,,,Small,4482.0,158.0,205,Y,048543,1.2823702364408,103.850955763693,DOWNTOWN CORE
"218 CHANGI ROAD, SINGAPORE 419737",Office,No,,,Small,2807.0,85.0,88,Y,419737,1.31724313147952,103.904261116818,GEYLANG
"36 PRINSEP STREET, SINGAPORE 188648",Office,No,,,Small,2647.0,161.0,138,Y,188648,1.29922184850346,103.849631376713,ROCHOR
"60 ROBINSON ROAD, SINGAPORE 068892",Office,No,,,Small,7783.0,322.0,322,Y,068892,1.28071899783496,103.849685834,DOWNTOWN CORE
"381 JOO CHIAT ROAD, SINGAPORE 427621",Office,No,,,Small,1965.0,194.0,210,Y,427621,1.30804061797639,103.903688936075,MARINE PARADE
"20 NASSIM ROAD, SINGAPORE 258395",Office,No,,,Small,650.0,174.0,186,Y,258395,1.30903804428064,103.822915406228,TANGLIN
"402 NORTH BRIDGE ROAD, SINGAPORE 188722",Office,No,,,Small,1587.0,193.0,193,Y,188722,1.29646330152801,103.854398431997,DOWNTOWN CORE
"9 KING GEORGES AVENUE, SINGAPORE 208581",Office,Yes,GoldPlus,2009.0,Small,14647.0,150.0,146,Y,208581,1.30856889161962,103.85921493175,KALLANG
"2 ALLENBY ROAD, SINGAPORE 209973",Office,No,,,Small,1136.0,255.0,267,Y,209973,1.31073366638406,103.859351287829,KALLANG
"408 NORTH BRIDGE ROAD, SINGAPORE 188725",Office,No,,,Small,1827.0,293.0,260,Y,188725,1.29657496147578,103.854477352942,DOWNTOWN CORE
"161 LAVENDER STREET, SINGAPORE 338750",Office,No,,,Small,3853.0,143.0,146,Y,338750,1.31298493182023,103.860743580771,KALLANG
"8 INTERNATIONAL BUSINESS PARK, SINGAPORE 609925",Office,No,,,Small,8288.0,903.0,1006,Y,609925,1.32585001264393,103.748588223098,JURONG EAST
"24 PECK SEAH STREET, SINGAPORE 079314",Office,No,,,Small,6689.0,196.0,195,Y,079314,1.27827675001581,103.844847488529,OUTRAM
"110 MIDDLE ROAD, SINGAPORE 188968",Office,No,,,Small,2997.0,223.0,209,Y,188968,1.29897975517742,103.853856480041,ROCHOR
"298 JALAN BUKIT HO SWEE, SINGAPORE 169565",Office,No,,,Small,7860.0,74.0,78,Y,169565,1.28791981662355,103.830283766722,BUKIT MERAH
"8 LOWER DELTA ROAD, SINGAPORE 169198",Office,No,,,Small,9507.0,328.0,441,Y,169198,1.28897410982684,103.82523124027,BUKIT MERAH
"22 MALACCA STREET, SINGAPORE 048980",Office,No,,,Small,7811.0,227.0,231,Y,048980,1.28396113198369,103.850829993471,DOWNTOWN CORE
"112 ROBINSON ROAD, SINGAPORE 068902",Office,No,,,Small,10720.0,231.0,211,Y,068902,1.27928232862918,103.848816437936,DOWNTOWN CORE
"51 ANSON ROAD, SINGAPORE 079904",Office,No,,,Small,8675.0,181.0,170,Y,079904,1.27452180635277,103.845738587239,DOWNTOWN CORE
"60 CECIL STREET, SINGAPORE 049709",Office,No,,,Small,2644.0,295.0,297,Y,049709,1.28226112310587,103.849524714053,DOWNTOWN CORE
"133 MIDDLE ROAD, SINGAPORE 188974",Office,No,,,Small,4736.0,272.0,268,Y,188974,1.29907929817841,103.852825314007,ROCHOR
"265 NEW BRIDGE ROAD, SINGAPORE 088745",Office,No,,,Small,890.0,241.0,250,Y,088745,1.28257725263666,103.842364102964,OUTRAM
"46 SOUTH BRIDGE ROAD, SINGAPORE 058679",Office,No,,,Small,1058.0,122.0,125,Y,058679,1.28791292541342,103.84835042301,SINGAPORE RIVER
"7 ALIWAL STREET, SINGAPORE 199900",Office,No,,,Small,409.0,120.0,113,Y,199900,1.30178962474418,103.861169588024,ROCHOR
"1 ALIWAL STREET, SINGAPORE 199894",Office,No,,,Small,414.0,154.0,97,Y,199894,1.30164759585642,103.861250642435,ROCHOR
"3 ALIWAL STREET, SINGAPORE 199896",Office,No,,,Small,440.0,192.0,149,Y,199896,1.3016947381608,103.861224724604,ROCHOR
"5 ALIWAL STREET, SINGAPORE 199898",Office,No,,,Small,430.0,125.0,100,Y,199898,1.30174175101046,103.861196896169,ROCHOR
"390 HAVELOCK ROAD, SINGAPORE 169662",Office,Yes,Platinum,2014.0,Small,10852.0,232.0,230,Y,169662,1.28963064680041,103.8356818105,SINGAPORE RIVER
"200 NEWTON ROAD, SINGAPORE 307983",Office,No,,,Small,4027.0,243.0,214,Y,307983,1.3187129150612,103.84313182731,NOVENA
"268 WOODLANDS CENTRE ROAD, SINGAPORE 738931",Office,No,,,Small,5596.0,251.0,264,Y,738931,1.44108845123342,103.769098543993,WOODLANDS
"70 TANNERY LANE, SINGAPORE 347810",Office,No,,,Small,2720.0,103.0,104,Y,347810,1.32616067996987,103.878684717184,GEYLANG
"320 SERANGOON ROAD, SINGAPORE 218108",Office,No,,,Small,9733.0,374.0,343,Y,218108,1.31089355522204,103.855128248182,KALLANG
"45 MIDDLE ROAD, SINGAPORE 188954",Office,No,,,Small,2368.0,69.0,139,Y,188954,1.29714835246401,103.85533277219,DOWNTOWN CORE
"1 PHILLIP STREET, SINGAPORE 048692",Office,No,,,Small,5000.0,144.0,136,Y,048692,1.28497457584876,103.850025190454,DOWNTOWN CORE
"3 PHILLIP STREET, SINGAPORE 048693",Office,No,,,Small,10580.0,216.0,210,Y,048693,1.28466221614276,103.849976556144,DOWNTOWN CORE
"158 CECIL STREET, SINGAPORE 069545",Office,Yes,Gold,2015.0,Small,11977.0,226.0,253,Y,069545,1.27978878392412,103.848043260257,DOWNTOWN CORE
"50 ARMENIAN STREET, SINGAPORE 179938",Office,No,,,Small,1757.0,190.0,150,Y,179938,1.29436707678809,103.849678556536,MUSEUM
"138 CECIL STREET, SINGAPORE 069538",Office,No,,,Small,10917.0,169.0,171,Y,069538,1.28080521282566,103.848667650702,DOWNTOWN CORE
"116 CHANGI ROAD, SINGAPORE 419718",Office,No,,,Small,4682.0,107.0,134,Y,419718,1.31647122783973,103.901232839024,GEYLANG
"5 INTERNATIONAL BUSINESS PARK, SINGAPORE 609914",Office,No,,,Small,7433.0,138.0,139,Y,609914,1.32619166180502,103.749512066882,JURONG EAST
"75 HIGH STREET, SINGAPORE 179435",Office,No,,,Small,2372.0,148.0,148,Y,179435,1.29029189404382,103.849551236365,DOWNTOWN CORE
"91 TANGLIN ROAD, SINGAPORE 247918",Office,No,,,Small,4225.0,307.0,245,Y,247918,1.30527219318576,103.825078876759,ORCHARD
"210 MIDDLE ROAD, SINGAPORE 188994",Office,Yes,GoldPlus,2013.0,Small,12595.0,256.0,276,Y,188994,1.30116888567599,103.851282489716,ROCHOR
"15 SCOTTS ROAD, SINGAPORE 228218",Office,No,,,Small,11481.0,140.0,141,Y,228218,1.30788492696723,103.83273062786,ORCHARD
"35 NEW BRIDGE ROAD, SINGAPORE 059395",Office,No,,,Small,1016.0,350.0,365,Y,059395,1.28833377741415,103.847231504686,SINGAPORE RIVER
"67 QUEEN STREET, SINGAPORE 188546",Office,No,,,Small,12472.0,324.0,330,Y,188546,1.30089736824545,103.854869709434,ROCHOR
"30 HILL STREET, SINGAPORE 179360",Office,No,,,Small,11427.0,341.0,266,Y,179360,1.29360606337051,103.849526126465,MUSEUM
"29 BUKIT PASOH ROAD, SINGAPORE 089843",Office,No,,,Small,1175.0,119.0,96,Y,089843,1.27917907417969,103.840453119833,OUTRAM
"47 BEACH ROAD, SINGAPORE 189683",Office,No,,,Small,2602.0,85.0,72,Y,189683,1.29640863991837,103.855929479543,DOWNTOWN CORE
"20 MALACCA STREET, SINGAPORE 048979",Office,No,,,Small,4359.0,200.0,198,Y,048979,1.28393979832145,103.850711236652,DOWNTOWN CORE
"205 UPPER BUKIT TIMAH ROAD, SINGAPORE 588181",Office,No,,,Small,4677.0,153.0,160,Y,588181,1.34449155367099,103.774321065022,BUKIT TIMAH
"430 LORONG 6 TOA PAYOH, SINGAPORE 319402",Office,No,,,Small,3547.0,315.0,332,Y,319402,1.33139742181904,103.849451187801,TOA PAYOH
"691 GEYLANG ROAD, SINGAPORE 389684",Office,No,,,Small,926.0,167.0,151,Y,389684,1.31473076412601,103.889249210906,GEYLANG
"171 CHIN SWEE ROAD, SINGAPORE 169877",Office,No,,,Small,12253.0,78.0,105,Y,169877,1.28674603317591,103.840214782123,OUTRAM
"96 ROBINSON ROAD, SINGAPORE 068899",Office,No,,,Small,7684.0,222.0,223,Y,068899,1.27969356642873,103.84905378202,DOWNTOWN CORE
"21 EVANS ROAD, SINGAPORE 259366",Office,No,,,Small,9436.0,37.0,39,Y,259366,1.31846187997069,103.819071149611,TANGLIN
"141 CECIL STREET, SINGAPORE 069541",Office,No,,,Small,5934.0,195.0,184,Y,069541,1.27925609401816,103.848411649087,DOWNTOWN CORE
"33 ALLANBROOKE ROAD, SINGAPORE 099981",Office,No,,,Small,2121.0,69.0,91,Y,099981,1.24840896621992,103.828045802459,SOUTHERN ISLANDS
"1 COVE AVENUE, SINGAPORE 098537",Office,Yes,Gold,2012.0,Small,3055.0,546.0,573,Y,098537,1.24694068557266,103.839986098204,SOUTHERN ISLANDS
"410 NORTH BRIDGE ROAD, SINGAPORE 188726",Office,No,,,Small,3038.0,185.0,40,Y,188726,1.29672135210088,103.854590228958,DOWNTOWN CORE
"18 VERDUN ROAD, SINGAPORE 207280",Office,No,,,Small,1082.0,240.0,226,Y,207280,1.31008576064582,103.856451042108,KALLANG
"20 KRAMAT LANE, SINGAPORE 228773",Office,No,,,Small,5099.0,136.0,108,Y,228773,1.30106357567537,103.842461997492,ORCHARD
"49 BEACH ROAD, SINGAPORE 189685",Office,No,,,Small,2295.0,323.0,318,Y,189685,1.29658053349868,103.856026708006,DOWNTOWN CORE
"11 BEACH ROAD, SINGAPORE 189675",Office,No,,,Small,3880.0,157.0,188,Y,189675,1.29539967795236,103.855216515356,DOWNTOWN CORE
"120 ROBINSON ROAD, SINGAPORE 068913",Office,No,,,Small,7428.0,226.0,237,Y,068913,1.27907635162327,103.848684034738,DOWNTOWN CORE
"22 MARTIN ROAD, SINGAPORE 239058",Office,No,,,Small,3465.0,317.0,296,Y,239058,1.29188466066369,103.838507741772,RIVER VALLEY
"67 BEACH ROAD, SINGAPORE 189688",Office,No,,,Small,2118.0,238.0,240,Y,189688,1.29695891480937,103.856304332687,DOWNTOWN CORE
"182 CLEMENCEAU AVENUE, SINGAPORE 239923",Office,No,,,Small,4880.0,201.0,193,Y,239923,1.29775077017794,103.844097151873,MUSEUM
"108 MIDDLE ROAD, SINGAPORE 188967",Office,No,,,Small,3883.0,30.0,92,Y,188967,1.29888493362707,103.853977870683,ROCHOR
"407 UPPER CHANGI ROAD NORTH, SINGAPORE 507658",Office,No,,,Small,4847.0,182.0,197,Y,507658,1.36899516161481,103.981426339882,CHANGI
"20 ORCHARD ROAD, SINGAPORE 238830",Office,No,,,Small,2044.0,175.0,175,Y,238830,1.29902232591852,103.84676118949,MUSEUM
"10 CENTRAL EXCHANGE GREEN, SINGAPORE 138649",Office,No,,,Small,5111.0,54.0,11,Y,138649,1.3007857122537,103.789743904281,QUEENSTOWN
"148 UPPER BUKIT TIMAH ROAD, SINGAPORE 588178",Office,No,,,Small,2340.0,106.0,134,Y,588178,1.34268815693082,103.776061669312,BUKIT TIMAH
"152 JALAN BESAR, SINGAPORE 208870",Office,No,,,Small,1148.0,135.0,134,Y,208870,1.30699680015405,103.856621023371,ROCHOR
"5 VERDUN ROAD, SINGAPORE 207274",Office,No,,,Small,4259.0,103.0,98,Y,207274,1.3100432960085,103.855902832975,KALLANG
"66 SOUTH BRIDGE ROAD, SINGAPORE 058696",Office,No,,,Small,1299.0,80.0,98,Y,058696,0,0,NA
"30 HENG MUI KENG TERRACE, SINGAPORE 119614",Office,No,,,Small,9506.0,182.0,216,Y,119614,1.29066130905638,103.776981579715,QUEENSTOWN
"38 MAXWELL ROAD, SINGAPORE 069116",Office,No,,,Small,2477.0,326.0,305,Y,069116,1.27906414553361,103.845030482727,OUTRAM
"1 FINLAYSON GREEN, SINGAPORE 049246",Office,No,,,Small,10403.0,213.0,214,Y,049246,1.28224053148139,103.851287256982,DOWNTOWN CORE
"36 HONGKONG STREET, SINGAPORE 059675",Office,No,,,Small,500.0,101.0,101,Y,059675,1.2873997619591,103.847250493747,SINGAPORE RIVER
"22 YIO CHU KANG ROAD, SINGAPORE 545535",Office,No,,,Small,3370.0,535.0,529,Y,545535,1.35538775194974,103.877259450345,HOUGANG
"114 MIDDLE ROAD, SINGAPORE 188971",Office,No,,,Small,3876.0,242.0,186,Y,188971,1.29917021796577,103.85362919539,ROCHOR
"23 KAMPONG BAHRU ROAD, SINGAPORE 169349",Office,No,,,Small,316.0,402.0,368,Y,169349,1.27708979191955,103.836580334145,BUKIT MERAH
"71 STAMFORD ROAD, SINGAPORE 178895",Office,No,,,Small,2900.0,289.0,324,Y,178895,1.29463694123076,103.849828298084,MUSEUM
"63 ROBINSON ROAD, SINGAPORE 068894",Office,No,,,Small,6190.0,175.0,190,Y,068894,1.27892485520723,103.849127024633,DOWNTOWN CORE
"217 EAST COAST ROAD, SINGAPORE 428915",Office,No,,,Small,765.0,467.0,421,Y,428915,1.30759648518797,103.906933727682,MARINE PARADE
"51 MERCHANT ROAD, SINGAPORE 058283",Office,No,,,Small,4203.0,279.0,276,Y,058283,1.28880580674255,103.843480960123,SINGAPORE RIVER
"61 STAMFORD ROAD, SINGAPORE 178892",Office,No,,,Small,6832.0,250.0,286,Y,178892,1.29448225459417,103.850054625521,MUSEUM
"70 ANSON ROAD, SINGAPORE 079905",Office,No,,,Small,10000.0,174.0,198,Y,079905,1.27405327068656,103.84466726954,DOWNTOWN CORE
"18 CHURCH STREET, SINGAPORE 049479",Office,Yes,Gold,2016.0,Small,11047.0,362.0,376,Y,049479,1.2848057262583,103.848835107849,DOWNTOWN CORE
"80 CHANGI ROAD, SINGAPORE 419715",Office,No,,,Small,5874.0,56.0,127,Y,419715,1.3163342529209,103.900524938485,GEYLANG
"730 UPPER SERANGOON ROAD, SINGAPORE 534613",Office,No,,,Small,282.0,356.0,329,Y,534613,1.353366860232,103.878063138419,HOUGANG
"36 ARMENIAN STREET, SINGAPORE 179934",Office,Yes,Certified,2009.0,Small,5901.0,96.0,101,Y,179934,1.29402130654288,103.849641821673,MUSEUM
"7 INTERNATIONAL BUSINESS PARK, SINGAPORE 609919",Office,No,,,Small,8500.0,167.0,163,Y,609919,1.325567780105,103.74984668216,JURONG EAST
"73 BRAS BASAH ROAD, SINGAPORE 189556",Office,Yes,Gold,2015.0,Small,7208.0,210.0,213,Y,189556,1.29673240117682,103.851501214556,MUSEUM
"211 UPPER BUKIT TIMAH ROAD, SINGAPORE 588182",Office,No,,,Small,1968.0,180.0,165,Y,588182,1.34489840944008,103.773848162074,BUKIT TIMAH
"31 NORTH BUONA VISTA ROAD, SINGAPORE 275983",Office,No,,,Small,12709.0,190.0,195,Y,275983,1.30962960441142,103.791802735511,QUEENSTOWN
"142 NEIL ROAD, SINGAPORE 088871",Office,No,,,Small,532.0,147.0,122,Y,088871,1.27833525733683,103.840741067301,OUTRAM
"3 RAFFLES PLACE, SINGAPORE 048617",Office,No,,,Small,7272.0,201.0,205,Y,048617,1.28343877827675,103.851137583554,DOWNTOWN CORE
"108 ROBINSON ROAD, SINGAPORE 068900",Office,No,,,Small,5976.0,240.0,255,Y,068900,1.27954844710103,103.848970997768,DOWNTOWN CORE
"135 CECIL STREET, SINGAPORE 069536",Office,No,,,Small,9374.0,172.0,184,Y,069536,1.27986239928583,103.848772686991,DOWNTOWN CORE
"110 ROBINSON ROAD, SINGAPORE 068901",Office,No,,,Small,2066.0,102.0,101,Y,068901,1.27943057809586,103.848899829225,DOWNTOWN CORE
"75 JELLICOE ROAD, SINGAPORE 208738",Office,No,,,Small,1331.0,241.0,259,Y,208738,1.30857544338035,103.862677869771,KALLANG
"14 INTERNATIONAL BUSINESS PARK, SINGAPORE 609922",Office,No,,,Small,8838.0,215.0,217,Y,609922,1.32510022159206,103.748250885943,JURONG EAST
"5 KADAYANALLUR STREET, SINGAPORE 069183",Office,No,,,Small,2281.0,102.0,93,Y,069183,1.28051562086669,103.845224290333,DOWNTOWN CORE
"9 INTERNATIONAL BUSINESS PARK, SINGAPORE 609915",Office,No,,,Small,10936.0,447.0,625,Y,609915,1.32480020432379,103.750270949804,JURONG EAST
"51 MIDDLE ROAD, SINGAPORE 188959",Office,No,,,Small,1350.0,224.0,52,Y,188959,1.29719002661978,103.855212728025,DOWNTOWN CORE
"51 CLUB STREET, SINGAPORE 069428",Office,No,,,Small,2093.0,287.0,320,Y,069428,1.28195427575105,103.846007309767,OUTRAM
"1 GRANGE ROAD, SINGAPORE 239693",Office,No,,,Small,11380.0,417.0,433,Y,239693,1.30139880165788,103.83735915836,ORCHARD
"89 NEIL ROAD, SINGAPORE 088849",Office,No,,,Small,2323.0,191.0,199,Y,088849,1.2784714719967,103.84166103333,OUTRAM
"336 SMITH STREET, SINGAPORE 050336",Office,No,,,Small,10678.0,257.0,265,Y,050336,1.28280426175456,103.842780304047,OUTRAM
"47 ANN SIANG ROAD, SINGAPORE 069720",Office,No,,,Small,980.0,432.0,423,Y,069720,1.28039375602636,103.845961971876,DOWNTOWN CORE
"55 MARKET STREET, SINGAPORE 048941",Office,Yes,Gold,2012.0,Small,8465.0,195.0,208,Y,048941,1.28446676154254,103.850660645126,DOWNTOWN CORE
"27 INTERNATIONAL BUSINESS PARK, SINGAPORE 609924",Office,No,,,Small,8677.0,179.0,136,Y,609924,1.32568704890794,103.746989185936,JURONG EAST
"13 INTERNATIONAL BUSINESS PARK, SINGAPORE 609932",Office,No,,,Small,9566.0,109.0,111,Y,609932,0,0,NA
"89 SHORT STREET, SINGAPORE 188216",Office,No,,,Small,11007.0,160.0,163,Y,188216,1.30395273627612,103.851477771616,ROCHOR
"217 UPPER BUKIT TIMAH ROAD, SINGAPORE 588185",Office,Yes,Platinum,2010.0,Small,1980.0,157.0,162,Y,588185,1.345640532038,103.77252470237,BUKIT TIMAH
"19 CECIL STREET, SINGAPORE 049704",Office,No,,,Small,1944.0,258.0,257,Y,049704,1.28244263146954,103.850510230422,DOWNTOWN CORE
"3 HAVELOCK SQUARE, SINGAPORE 059725",Office,No,,,Small,10700.0,166.0,153,Y,059725,1.28704246316243,103.843848184006,OUTRAM
"16 AYER RAJAH CRESCENT, SINGAPORE 139965",Office,No,,,Small,11470.0,233.0,208,Y,139965,1.29566015399737,103.788850715014,QUEENSTOWN
"1 FIFTH AVENUE, SINGAPORE 268802",Office,No,,,Small,8908.0,383.0,326,Y,268802,1.33077492770988,103.795713392342,BUKIT TIMAH
"5 TAMPINES CENTRAL 1, SINGAPORE 529541",Office,No,,,Small,10417.0,287.0,284,Y,529541,1.35316637447594,103.942688326666,TAMPINES
"3 TAMPINES CENTRAL 1, SINGAPORE 529540",Office,No,,,Small,10416.0,278.0,277,Y,529540,1.35266740578685,103.942959938343,TAMPINES
"192 WATERLOO STREET, SINGAPORE 187966",Office,No,,,Small,3000.0,185.0,197,Y,187966,1.30121194443487,103.853203872907,ROCHOR
"309 CHOA CHU KANG AVENUE 4, SINGAPORE 680309",Office,No,,,Small,11015.0,220.0,209,Y,680309,1.3851008010905,103.745553838786,CHOA CHU KANG
"1 CANNING RISE, SINGAPORE 179868",Office,No,,,Small,8214.0,370.0,386,Y,179868,1.29296733005703,103.848299538922,MUSEUM
"59 NEW BRIDGE ROAD, SINGAPORE 059405",Office,No,,,Small,1171.0,121.0,137,Y,059405,1.28793062954853,103.846912565537,SINGAPORE RIVER
"144 ROBINSON ROAD, SINGAPORE 068908",Office,Yes,Certified,2014.0,Small,4164.0,73.0,94,Y,068908,1.27826614361665,103.848149742737,DOWNTOWN CORE
"5 ALBERT WINSEMIUS LANE, SINGAPORE 126787",Office,No,,,Small,1314.0,164.0,160,Y,126787,1.32136352947377,103.769151103075,CLEMENTI
"135 BUKIT TIMAH ROAD, SINGAPORE 229837",Office,No,,,Small,3811.0,234.0,231,Y,229837,1.31044978125442,103.843421193775,NEWTON
"79 AYER RAJAH CRESCENT, SINGAPORE 139955",Office,No,,,Small,13510.0,94.0,114,Y,139955,1.29795856720987,103.787435440348,QUEENSTOWN
"51 SCIENCE PARK ROAD, SINGAPORE 117586",Office,No,,,Small,14695.0,1005.0,946,Y,117586,1.2874103128712,103.783100732754,QUEENSTOWN
"3 SOUTH BUONA VISTA ROAD, SINGAPORE 118136",Office,No,,,Small,1751.0,282.0,272,Y,118136,1.27980322314972,103.78590960328,QUEENSTOWN
"204 BUKIT TIMAH ROAD, SINGAPORE 229863",Office,No,,,Small,2500.0,68.0,63,Y,229863,1.31189406476374,103.841976879925,NOVENA
"251 NORTH BRIDGE ROAD, SINGAPORE 179102",Office,No,,,Small,9938.0,221.0,224,Y,179102,1.29435373711783,103.852384315763,DOWNTOWN CORE
"10 SIN MING DRIVE, SINGAPORE 575701",Office,Yes,Platinum,2011.0,Small,12893.0,280.0,299,Y,575701,1.35700321140485,103.837010656506,BISHAN
"181 RIVER VALLEY ROAD, SINGAPORE 179034",Office,No,,,Small,4551.0,317.0,313,Y,179034,1.29245293850555,103.843828400764,SINGAPORE RIVER
"15 BEACH ROAD, SINGAPORE 189677",Office,Yes,Platinum,2016.0,Small,7669.0,23.0,67,Y,189677,1.29581740784512,103.855503631917,DOWNTOWN CORE
"81 SCIENCE PARK DRIVE, SINGAPORE 118257",Office,No,,,Small,7816.0,313.0,317,Y,118257,1.28902935949271,103.790527931409,QUEENSTOWN
"83 SCIENCE PARK DRIVE, SINGAPORE 118258",Office,No,,,Small,7816.0,257.0,195,Y,118258,1.28869901860822,103.791083399028,QUEENSTOWN
"85 SCIENCE PARK DRIVE, SINGAPORE 118259",Office,No,,,Small,8760.0,880.0,926,Y,118259,1.28827902578068,103.79054571256,QUEENSTOWN
"3 SCIENCE PARK DRIVE, SINGAPORE 118223",Office,No,,,Small,8900.0,326.0,294,Y,118223,0,0,NA
"333 JALAN BESAR, SINGAPORE 209018",Office,No,,,Small,1600.0,75.0,74,Y,209018,1.31188420605731,103.85925646337,KALLANG
"137 TELOK AYER STREET, SINGAPORE 068602",Office,No,,,Small,9233.0,236.0,250,Y,068602,1.28081311032725,103.848012161497,OUTRAM
"112 MIDDLE ROAD, SINGAPORE 188970",Office,No,,,Small,3971.0,178.0,156,Y,188970,1.29907498369995,103.853742833504,ROCHOR
"6 CLAYMORE HILL, SINGAPORE 229571",Office,No,,,Small,3086.0,350.0,359,Y,229571,1.30680827690433,103.831622132301,ORCHARD
"228 CHANGI ROAD, SINGAPORE 419741",Office,No,,,Small,4413.0,52.0,46,Y,419741,1.31724236939499,103.904690327616,GEYLANG
"21 TAN QUEE LAN STREET, SINGAPORE 188108",Office,No,,,Small,1857.0,295.0,264,Y,188108,1.29858926583677,103.856405058091,DOWNTOWN CORE
"252 TEMBELING ROAD, SINGAPORE 423731",Office,No,,,Small,2044.0,136.0,135,Y,423731,1.30646586931309,103.905318255744,MARINE PARADE
"212 TELOK KURAU ROAD, SINGAPORE 423835",Office,No,,,Small,3406.0,48.0,58,Y,423835,1.31208929632504,103.910595032354,BEDOK
"150 CHANGI ROAD, SINGAPORE 419973",Office,No,,,Small,3904.0,221.0,219,Y,419973,1.31666836555229,103.902213409767,GEYLANG
"7 HINDOO ROAD, SINGAPORE 209108",Office,No,,,Small,2048.0,70.0,72,Y,209108,1.30873484923478,103.853876125276,ROCHOR
"24 MOUNT ELIZABETH, SINGAPORE 228518",Hotel,No,,,Large,16872.0,288.0,284,Y,228518,1.30820322497533,103.835810152627,NEWTON
"170 BENCOOLEN STREET, SINGAPORE 189657",Hotel,No,,,Large,15022.0,342.0,336,Y,189657,1.30108493650889,103.85252768725,ROCHOR
"403 HAVELOCK ROAD, SINGAPORE 169632",Hotel,Yes,Platinum,2014.0,Large,17598.0,284.0,258,Y,169632,1.28825972041875,103.836657784125,SINGAPORE RIVER
"12 QUEEN STREET, SINGAPORE 188553",Hotel,No,,,Large,12565.0,259.0,249,Y,188553,1.29755506526153,103.852228303832,ROCHOR
"50 TIONG BAHRU ROAD, SINGAPORE 168733",Hotel,No,,,Large,10194.0,219.0,266,Y,168733,1.28485721631277,103.834320617173,BUKIT MERAH
"25 SCOTTS ROAD, SINGAPORE 228220",Hotel,Yes,Gold,2013.0,Large,47107.0,281.0,282,Y,228220,1.30700148159343,103.83235806558,ORCHARD
"8 SINARAN DRIVE, SINGAPORE 307470",Hotel,No,,,Large,22765.0,375.0,380,Y,307470,1.32003005012669,103.844782386745,NOVENA
"20 MERCHANT ROAD, SINGAPORE 058281",Hotel,Yes,Platinum,2013.0,Large,38054.0,207.0,188,Y,058281,1.2882180283587,103.845692302876,SINGAPORE RIVER
"2 TOWN HALL LINK, SINGAPORE 608516",Hotel,Yes,Platinum,2015.0,Large,19147.0,183.0,261,Y,608516,1.33153804374121,103.739340154836,JURONG EAST
"1 BEACH ROAD, SINGAPORE 189673",Hotel,No,,,Large,43360.0,314.0,317,Y,189673,1.29509740789339,103.85406834457,DOWNTOWN CORE
"35 ROBINSON ROAD, SINGAPORE 068876",Hotel,Yes,Platinum,2016.0,Large,7450.0,340.0,325,Y,068876,1.27992197150836,103.849654790724,DOWNTOWN CORE
"401 HAVELOCK ROAD, SINGAPORE 169631",Hotel,No,,,Large,23554.0,206.0,207,Y,169631,1.28821990429676,103.837414946943,SINGAPORE RIVER
"1 NETHERAVON ROAD, SINGAPORE 508502",Hotel,No,,,Large,22826.0,242.0,240,Y,508502,1.39040211480822,103.98606107081,CHANGI
"270 ORCHARD ROAD, SINGAPORE 238857",Hotel,No,,,Large,23207.0,358.0,276,Y,238857,1.30310526043246,103.836202006497,ORCHARD
"405 HAVELOCK ROAD, SINGAPORE 169633",Hotel,Yes,Platinum,2013.0,Large,37570.0,216.0,239,Y,169633,1.28769285607795,103.836160045113,SINGAPORE RIVER
"96 SOMERSET ROAD, SINGAPORE 238163",Hotel,No,,,Large,12401.0,265.0,266,Y,238163,1.30088651709242,103.837908858018,ORCHARD
"3 NANSON ROAD, SINGAPORE 238910",Hotel,Yes,Gold,2015.0,Large,8210.0,479.0,463,Y,238910,1.29080253875441,103.839151293259,SINGAPORE RIVER
"6 FORT CANNING ROAD, SINGAPORE 179494",Hotel,No,,,Large,14576.0,198.0,194,Y,179494,1.29747528172273,103.845019882844,MUSEUM
"23 MERCHANT ROAD, SINGAPORE 058268",Hotel,No,,,Large,12306.0,427.0,406,Y,058268,1.28808111341912,103.844510674993,SINGAPORE RIVER
"9 BRAS BASAH ROAD, SINGAPORE 189559",Hotel,No,,,Large,19720.0,339.0,329,Y,189559,1.29862529263979,103.849332451138,MUSEUM
"30 BENCOOLEN STREET, SINGAPORE 189621",Hotel,No,,,Large,7141.0,210.0,184,Y,189621,1.29849650843341,103.85040674806,ROCHOR
"180 ALBERT STREET, SINGAPORE 189971",Hotel,No,,,Large,11426.0,237.0,217,Y,189971,1.30415190754344,103.851114076729,ROCHOR
"23 BEACH VIEW, SINGAPORE 098679",Hotel,No,,,Large,10453.0,553.0,553,Y,098679,1.25324887401431,103.819866102572,SOUTHERN ISLANDS
"201 BALESTIER ROAD, SINGAPORE 329926",Hotel,No,,,Large,10136.0,291.0,298,Y,329926,1.32005187342709,103.852519734445,NOVENA
"30 ORANGE GROVE ROAD, SINGAPORE 258352",Hotel,Yes,GoldPlus,2016.0,Large,21466.0,113.0,100,Y,258352,1.31296618719617,103.826034630827,TANGLIN
"1 THE KNOLLS, SINGAPORE 098297",Hotel,No,,,Large,42461.0,348.0,360,Y,098297,1.24945446387238,103.824447113771,SOUTHERN ISLANDS
"1 TANGLIN ROAD, SINGAPORE 247905",Hotel,Yes,Gold,2014.0,Large,26657.0,278.0,266,Y,247905,1.30661330825123,103.827764147951,ORCHARD
"11 UNITY STREET, SINGAPORE 237995",Hotel,No,,,Large,22157.0,409.0,395,Y,237995,1.29198845518713,103.841198727907,SINGAPORE RIVER
"11 CAVENAGH ROAD, SINGAPORE 229616",Hotel,No,,,Large,31251.0,250.0,252,Y,229616,1.30227912634395,103.841101583104,ORCHARD
"51 IMBIAH WALK, SINGAPORE 099538",Hotel,No,,,Large,8651.0,252.0,261,Y,099538,1.25438420585124,103.814765752204,SOUTHERN ISLANDS
"16 SCOTTS ROAD, SINGAPORE 228221",Hotel,Yes,Gold,2016.0,Large,29616.0,327.0,306,Y,228221,1.30771173944605,103.834556167895,ORCHARD
"177A RIVER VALLEY ROAD, SINGAPORE 179031",Hotel,Yes,GoldPlus,2013.0,Large,28548.0,270.0,257,Y,179031,0,0,NA
"1 GOPENG STREET, SINGAPORE 078862",Hotel,Yes,Platinum,2013.0,Large,20331.0,268.0,265,Y,078862,1.27595846441911,103.843698494444,OUTRAM
"25 MARINE PARADE, SINGAPORE 449536",Hotel,Yes,Certified,2013.0,Large,22540.0,213.0,211,Y,449536,1.30377937020921,103.90291224848,MARINE PARADE
"317 OUTRAM ROAD, SINGAPORE 169075",Hotel,No,,,Large,54042.0,288.0,289,Y,169075,1.28896723470825,103.834188484711,BUKIT MERAH
"75 AIRPORT BOULEVARD, SINGAPORE 819664",Hotel,Yes,Certified,2008.0,Large,31303.0,279.0,279,Y,819664,1.35872080296023,103.98796702598,CHANGI
"51 BENCOOLEN STREET, SINGAPORE 189630",Hotel,No,,,Large,9336.0,170.0,173,Y,189630,1.29937379615615,103.850356180598,ROCHOR
"1 LARKHILL ROAD, SINGAPORE 099394",Hotel,No,,,Large,14840.0,400.0,417,Y,099394,1.25212799954492,103.822016584885,SOUTHERN ISLANDS
"11 CANNING WALK, SINGAPORE 178881",Hotel,Yes,GoldPlus,2015.0,Large,8922.0,332.0,350,Y,178881,1.29633332548442,103.845641414159,MUSEUM
"60 EU TONG SEN STREET, SINGAPORE 059804",Hotel,Yes,Platinum,2013.0,Large,25857.0,244.0,249,Y,059804,1.28649701803051,103.844628721032,OUTRAM
"20 BIDEFORD ROAD, SINGAPORE 229921",Hotel,Yes,Platinum,2013.0,Large,7221.0,191.0,195,Y,229921,1.30322796530206,103.836680361524,ORCHARD
"10 SCOTTS ROAD, SINGAPORE 228211",Hotel,No,,,Large,84230.0,250.0,246,Y,228211,1.30637300291267,103.833257176622,ORCHARD
"21 OCEAN WAY, SINGAPORE 098374",Hotel,Yes,Platinum,2010.0,Large,23800.0,407.0,400,Y,098374,1.24615202701928,103.842698514086,SOUTHERN ISLANDS
"2 MAGAZINE ROAD, SINGAPORE 059573",Hotel,Yes,Platinum,2013.0,Large,11783.0,258.0,266,Y,059573,1.289136974408,103.84201075936,SINGAPORE RIVER
"2 BUKIT MANIS ROAD, SINGAPORE 099891",Hotel,No,,,Large,13752.0,418.0,524,Y,099891,1.24589687601798,103.827569393578,SOUTHERN ISLANDS
"10 CLAYMORE ROAD, SINGAPORE 229540",Hotel,No,,,Large,16599.0,301.0,290,Y,229540,1.30739904535658,103.829895253334,ORCHARD
"21 MOUNT ELIZABETH, SINGAPORE 228516",Hotel,No,,,Large,31184.0,162.0,142,Y,228516,1.30727815075624,103.835434311651,ORCHARD
"76 BRAS BASAH ROAD, SINGAPORE 189558",Hotel,No,,,Large,59329.0,312.0,312,Y,189558,1.29566785883191,103.853025511846,DOWNTOWN CORE
"3 UPPER PICKERING STREET, SINGAPORE 058289",Hotel,Yes,Platinum,2012.0,Large,29227.0,293.0,308,Y,058289,1.28563914231387,103.846290272366,OUTRAM
"101 SILOSO ROAD, SINGAPORE 098970",Hotel,No,,,Large,42009.0,265.0,267,Y,098970,1.25761264764959,103.810143172769,SOUTHERN ISLANDS
"382 HAVELOCK ROAD, SINGAPORE 169629",Hotel,No,,,Large,21089.0,246.0,256,Y,169629,1.28937099358897,103.836603810879,SINGAPORE RIVER
"20 HAVELOCK ROAD, SINGAPORE 059765",Hotel,No,,,Large,17465.0,122.0,116,Y,059765,1.28823635541239,103.843246450204,SINGAPORE RIVER
"8 CLAYMORE HILL, SINGAPORE 229572",Hotel,Yes,Gold,2012.0,Large,13539.0,168.0,206,Y,229572,1.307553840348,103.83198635162,ORCHARD
"442 ORCHARD ROAD, SINGAPORE 238879",Hotel,Yes,Gold,2015.0,Large,44097.0,376.0,388,Y,238879,1.30763000438668,103.828626077801,ORCHARD
"392 HAVELOCK ROAD, SINGAPORE 169663",Hotel,Yes,Platinum,2015.0,Large,51726.0,275.0,262,Y,169663,1.2902823255897,103.835180674862,SINGAPORE RIVER
"190 ORCHARD BOULEVARD, SINGAPORE 248646",Hotel,No,,,Large,34630.0,331.0,329,Y,248646,1.3051747129975,103.828661123245,ORCHARD
"333 NEW BRIDGE ROAD, SINGAPORE 088765",Hotel,No,,,Large,11584.0,264.0,270,Y,088765,1.27962668610529,103.840007592937,OUTRAM
"15 LORONG 22 GEYLANG, SINGAPORE 398673",Hotel,No,,,Small,471.0,228.0,209,Y,398673,1.31231680640985,103.882412116592,GEYLANG
"1 LORONG 14 GEYLANG, SINGAPORE 398913",Hotel,No,,,Small,430.0,224.0,205,Y,398913,1.31219386250005,103.879175955663,GEYLANG
"42 CARPENTER STREET, SINGAPORE 059921",Hotel,No,,,Small,1379.0,254.0,255,Y,059921,1.28779626310358,103.847935759231,SINGAPORE RIVER
"231 OUTRAM ROAD, SINGAPORE 169040",Hotel,No,,,Small,2324.0,391.0,415,Y,169040,1.28432210840071,103.83501003183,BUKIT MERAH
"1 LORONG 10 GEYLANG, SINGAPORE 399035",Hotel,No,,,Small,555.0,245.0,314,Y,399035,1.31192211293165,103.877736760633,GEYLANG
"759 MOUNTBATTEN ROAD, SINGAPORE 437761",Hotel,No,,,Small,1100.0,176.0,162,Y,437761,1.30075433417916,103.891474423485,MARINE PARADE
"195 SERANGOON ROAD, SINGAPORE 218067",Hotel,No,,,Small,2162.0,228.0,248,Y,218067,1.30917901197119,103.853224450863,ROCHOR
"15 LORONG 15 GEYLANG, SINGAPORE 388607",Hotel,No,,,Small,1376.0,227.0,219,Y,388607,1.31316357981332,103.878050317387,GEYLANG
"9 JALAN BESAR, SINGAPORE 208786",Hotel,No,,,Small,760.0,317.0,208,Y,208786,1.30392258346096,103.854120521992,ROCHOR
"77 TIONG BAHRU ROAD, SINGAPORE 168727",Hotel,No,,,Small,1244.0,446.0,422,Y,168727,1.2851017660182,103.833574206012,BUKIT MERAH
"19 LORONG 22 GEYLANG, SINGAPORE 398676",Hotel,No,,,Small,1736.0,289.0,308,Y,398676,1.31219824188241,103.882461217043,GEYLANG
"36 TEMPLE STREET, SINGAPORE 058581",Hotel,No,,,Small,960.0,327.0,321,Y,058581,1.28318399946992,103.843908900413,OUTRAM
"380 RACE COURSE ROAD, SINGAPORE 218702",Hotel,No,,,Small,1490.0,119.0,108,Y,218702,1.31503288314683,103.85727154919,KALLANG
"43 JALAN BESAR, SINGAPORE 208804",Hotel,No,,,Small,817.0,465.0,395,Y,208804,1.30473699686141,103.854663976766,ROCHOR
"165 KITCHENER ROAD, SINGAPORE 208532",Hotel,No,,,Small,2531.0,300.0,293,Y,208532,1.3104761806261,103.856286558041,KALLANG
"301 SERANGOON ROAD, SINGAPORE 218224",Hotel,No,,,Small,2842.0,352.0,362,Y,218224,1.31136670498575,103.854761539297,ROCHOR
"25A PERAK ROAD, SINGAPORE 208136",Hotel,No,,,Small,834.0,,188,Y,208136,1.30552370913502,103.854089453626,ROCHOR
"270 JALAN BESAR, SINGAPORE 209019",Hotel,No,,,Small,3835.0,214.0,208,Y,209019,1.3101639725282,103.858638075894,KALLANG
"240 JALAN BESAR, SINGAPORE 208913",Hotel,No,,,Small,1504.0,250.0,249,Y,208913,1.30942995093768,103.858161749318,KALLANG
"25 BENCOOLEN STREET, SINGAPORE 189619",Hotel,No,,,Small,4268.0,367.0,368,Y,189619,1.29865335914993,103.849738235763,ROCHOR
"37 LORONG 8 GEYLANG, SINGAPORE 399099",Hotel,No,,,Small,604.0,133.0,69,Y,399099,1.31067429337999,103.877397280219,GEYLANG
"12 LORONG 12 GEYLANG, SINGAPORE 398993",Hotel,No,,,Small,4000.0,210.0,123,Y,398993,1.31140044123756,103.878121314712,GEYLANG
"60 LORONG 8 GEYLANG, SINGAPORE 399120",Hotel,No,,,Small,1000.0,131.0,118,Y,399120,1.30992604128845,103.87708447354,GEYLANG
"78 SMITH STREET, SINGAPORE 058972",Hotel,No,,,Small,745.0,394.0,282,Y,058972,1.28318677039418,103.842963545014,OUTRAM
"29 LORONG 4 GEYLANG, SINGAPORE 399281",Hotel,No,,,Small,880.0,263.0,261,Y,399281,1.31016070182565,103.876202861709,GEYLANG
"4 LORONG 6 GEYLANG, SINGAPORE 399166",Hotel,No,,,Small,860.0,245.0,212,Y,399166,1.31146438572052,103.876262185605,GEYLANG
"21 LORONG 22 GEYLANG, SINGAPORE 398678",Hotel,No,,,Small,1400.0,160.0,156,Y,398678,1.31205692542273,103.88245882555,GEYLANG
"25 LORONG 18 GEYLANG, SINGAPORE 398806",Hotel,No,,,Small,1000.0,102.0,100,Y,398806,1.31185997435405,103.880838727768,GEYLANG
"427 RACE COURSE ROAD, SINGAPORE 218673",Hotel,No,,,Small,317.0,214.0,234,Y,218673,1.31591092421275,103.857555412396,KALLANG
"473 BALESTIER ROAD, SINGAPORE 329843",Hotel,No,,,Small,963.0,67.0,59,Y,329843,1.32635986895194,103.847732407861,NOVENA
"56 SIMS AVENUE, SINGAPORE 387416",Hotel,No,,,Small,990.0,172.0,163,Y,387416,1.31325659106523,103.875894238584,GEYLANG
"63 DUNLOP STREET, SINGAPORE 209391",Hotel,No,,,Small,793.0,215.0,223,Y,209391,1.30480301391279,103.853605003383,ROCHOR
"1 LORONG 8 GEYLANG, SINGAPORE 399073",Hotel,No,,,Small,845.0,161.0,178,Y,399073,1.31181028184936,103.877164585055,GEYLANG
"5 BALMORAL CRESCENT, SINGAPORE 259895",Hotel,No,,,Small,3196.0,108.0,116,Y,259895,1.31579084686673,103.834683125895,NEWTON
"79 ALIWAL STREET, SINGAPORE 199949",Hotel,No,,,Small,1130.0,104.0,114,Y,199949,1.30341939306711,103.860234742576,ROCHOR
"586 GEYLANG ROAD, SINGAPORE 389525",Hotel,No,,,Small,340.0,508.0,528,Y,389525,1.31396454705992,103.887584108724,GEYLANG
"37 JALAN BESAR, SINGAPORE 208801",Hotel,No,,,Small,425.0,205.0,187,Y,208801,1.30462080011806,103.854580689549,ROCHOR
"85 BEACH ROAD, SINGAPORE 189694",Hotel,No,,,Small,845.0,405.0,392,Y,189694,1.29730338123128,103.856569781809,DOWNTOWN CORE
"531 SERANGOON ROAD, SINGAPORE 218163",Hotel,No,,,Small,975.0,168.0,188,Y,218163,1.31506814953577,103.857776126994,KALLANG
"30 MOSQUE STREET, SINGAPORE 059508",Hotel,No,,,Small,140.0,694.0,617,Y,059508,1.2835968072765,103.845427762368,OUTRAM
"22 JALAN MOLEK, SINGAPORE 399541",Hotel,No,,,Small,702.0,144.0,129,Y,399541,1.31170571282088,103.88267622409,GEYLANG
"61 WESTERHOUT ROAD, SINGAPORE 397662",Hotel,No,,,Small,816.0,209.0,204,Y,397662,1.31122558971043,103.881036628885,GEYLANG
"83 SYED ALWI ROAD, SINGAPORE 207662",Hotel,No,,,Small,1440.0,284.0,319,Y,207662,1.30898196426413,103.855916073161,ROCHOR
"15 MERBAU ROAD, SINGAPORE 239032",Hotel,No,,,Small,3836.0,337.0,310,Y,239032,1.29116820590977,103.841985999247,SINGAPORE RIVER
"2 LLOYD ROAD, SINGAPORE 239091",Hotel,No,,,Small,1126.0,274.0,328,Y,239091,1.29726675993413,103.840370295802,RIVER VALLEY
"488 GEYLANG ROAD, SINGAPORE 389447",Hotel,No,,,Small,507.0,85.0,85,Y,389447,1.31324043070553,103.884683335205,GEYLANG
"6 IRRAWADDY ROAD, SINGAPORE 329543",Hotel,Yes,Platinum,2015.0,Small,6407.0,416.0,349,Y,329543,1.32614785629346,103.84554505161,NOVENA
"11 JALAN KLAPA, SINGAPORE 199323",Hotel,No,,,Small,739.0,394.0,371,Y,199323,1.30420912504263,103.859686405062,ROCHOR
"2 JALAN PINANG, SINGAPORE 199150",Hotel,No,,,Small,314.0,102.0,103,Y,199150,1.30279422168817,103.858531866279,ROCHOR
"50 TELOK BLANGAH ROAD, SINGAPORE 098828",Hotel,No,,,Small,6801.0,397.0,422,Y,098828,1.26617554108454,103.823800983091,BUKIT MERAH
"173 BENCOOLEN STREET, SINGAPORE 189642",Hotel,No,,,Small,2631.0,263.0,258,Y,189642,1.30165938515079,103.852237504944,ROCHOR
"22 TECK LIM ROAD, SINGAPORE 088392",Hotel,No,,,Small,1115.0,260.0,260,Y,088392,1.28063134251485,103.841824502335,OUTRAM
"36 LORONG 22 GEYLANG, SINGAPORE 398693",Hotel,No,,,Small,1430.0,284.0,270,Y,398693,1.31100593397879,103.881865740373,GEYLANG
"190 WATERLOO STREET, SINGAPORE 187965",Hotel,No,,,Small,1755.0,247.0,235,Y,187965,1.30107926516859,103.853143978565,ROCHOR
"88 SYED ALWI ROAD, SINGAPORE 207667",Hotel,No,,,Small,1088.0,475.0,471,Y,207667,1.30922923407885,103.855673422661,ROCHOR
"23 DICKSON ROAD, SINGAPORE 209507",Hotel,No,,,Small,1697.0,280.0,307,Y,209507,1.30508880080882,103.854059857333,ROCHOR
"51 DESKER ROAD, SINGAPORE 209645",Hotel,No,,,Small,1796.0,126.0,147,Y,209645,1.30914207332134,103.855250937485,ROCHOR
"320 BALESTIER ROAD, SINGAPORE 329924",Hotel,No,,,Small,1548.0,109.0,97,Y,329924,1.32376736470268,103.852187493132,NOVENA
"246 BALESTIER ROAD, SINGAPORE 329706",Hotel,No,,,Small,993.0,181.0,180,Y,329706,1.32176388648482,103.853144242099,NOVENA
"443 GEYLANG ROAD, SINGAPORE 389403",Hotel,No,,,Small,1414.0,158.0,149,Y,389403,1.31323581650132,103.881747204573,GEYLANG
"32 LORONG 8 GEYLANG, SINGAPORE 399096",Hotel,No,,,Small,1944.0,188.0,202,Y,399096,1.31090127994677,103.876969910602,GEYLANG
"2 OWEN ROAD, SINGAPORE 218842",Hotel,No,,,Small,4458.0,252.0,218,Y,218842,1.31170733332103,103.854953206249,ROCHOR
"218 QUEEN STREET, SINGAPORE 188549",Hotel,No,,,Small,4914.0,254.0,261,Y,188549,1.29801057475968,103.851820103143,ROCHOR
"31 LORONG 8 GEYLANG, SINGAPORE 399095",Hotel,No,,,Small,1520.0,136.0,124,Y,399095,1.31083761848136,103.877402299063,GEYLANG
"175A CHIN SWEE ROAD, SINGAPORE 169879",Hotel,No,,,Small,6086.0,333.0,345,Y,169879,1.28575609430357,103.838921630122,OUTRAM
"15 KRAMAT ROAD, SINGAPORE 228750",Hotel,No,,,Small,3499.0,227.0,229,Y,228750,1.30133936015093,103.842424733207,ORCHARD
"25 TRENGGANU STREET, SINGAPORE 058476",Hotel,No,,,Small,2250.0,297.0,294,Y,058476,1.28256767941304,103.844175159658,OUTRAM
"16 MADRAS STREET, SINGAPORE 208413",Hotel,No,,,Small,519.0,259.0,281,Y,208413,1.30475110478166,103.852855134143,ROCHOR
"60 JOO CHIAT ROAD, SINGAPORE 427726",Hotel,No,,,Small,2185.0,356.0,309,Y,427726,1.31472881913583,103.898383226749,GEYLANG
"424 GEYLANG ROAD, SINGAPORE 389395",Hotel,No,,,Small,2044.0,255.0,263,Y,389395,1.31285054002252,103.882882550901,GEYLANG
"432 GEYLANG ROAD, SINGAPORE 389396",Hotel,No,,,Small,534.0,124.0,125,Y,389396,1.31301909756764,103.883130630089,GEYLANG
"112 SIMS AVENUE, SINGAPORE 387436",Hotel,No,,,Small,1094.0,350.0,312,Y,387436,1.31392298042945,103.87787218811,GEYLANG
"20 LORONG 17 GEYLANG, SINGAPORE 388575",Hotel,No,,,Small,2654.0,281.0,267,Y,388575,1.31351598623946,103.8788648412,GEYLANG
"8 LORONG 10 GEYLANG, SINGAPORE 399041",Hotel,No,,,Small,957.0,166.0,153,Y,399041,1.31157104218782,103.877466092732,GEYLANG
"18 JALAN MOLEK, SINGAPORE 399535",Hotel,No,,,Small,1000.0,126.0,121,Y,399535,1.31170840324042,103.882777768382,GEYLANG
"3 SENG POH ROAD, SINGAPORE 168891",Hotel,No,,,Small,2954.0,335.0,350,Y,168891,1.28556430191685,103.834075876607,BUKIT MERAH
"97 STILL ROAD, SINGAPORE 423988",Hotel,No,,,Small,690.0,329.0,326,Y,423988,1.31340396974368,103.906451543871,GEYLANG
"12 TECK LIM ROAD, SINGAPORE 088387",Hotel,No,,,Small,1040.0,163.0,181,Y,088387,1.28037792374451,103.841991807539,OUTRAM
"40 HAMILTON ROAD, SINGAPORE 209210",Hotel,No,,,Small,1003.0,117.0,115,Y,209210,1.31154151869742,103.861521226567,KALLANG
"2 TAN QUEE LAN STREET, SINGAPORE 188091",Hotel,No,,,Small,1000.0,137.0,167,Y,188091,1.29800362372159,103.856935739077,DOWNTOWN CORE
"16 CARPENTER STREET, SINGAPORE 059905",Hotel,No,,,Small,650.0,207.0,141,Y,059905,1.28834729276189,103.847855879822,SINGAPORE RIVER
"50 KEONG SAIK ROAD, SINGAPORE 089154",Hotel,No,,,Small,1278.0,265.0,278,Y,089154,1.28079216317408,103.841812323258,OUTRAM
"2 DICKSON ROAD, SINGAPORE 209494",Hotel,No,,,Small,867.0,730.0,742,Y,209494,1.30512093883828,103.854629628306,ROCHOR
"31 BUKIT PASOH ROAD, SINGAPORE 089845",Hotel,No,,,Small,2043.0,469.0,461,Y,089845,1.27932863390139,103.840379699423,OUTRAM
"10A UPPER WILKIE ROAD, SINGAPORE 228119",Hotel,No,,,Small,2652.0,206.0,209,Y,228119,0,0,NA
"50 CAMPBELL LANE, SINGAPORE 209922",Hotel,No,,,Small,506.0,63.0,104,Y,209922,1.30499471454512,103.852641539292,ROCHOR
"33 BIRCH ROAD, SINGAPORE 219894",Hotel,No,,,Small,1126.0,287.0,283,Y,219894,1.31119378997323,103.853597391564,ROCHOR
"400 EAST COAST ROAD, SINGAPORE 428996",Hotel,No,,,Small,1005.0,152.0,143,Y,428996,1.30872020865679,103.912043488378,BEDOK
"512 KAMPONG BAHRU ROAD, SINGAPORE 099448",Hotel,No,,,Small,975.0,545.0,551,Y,099448,1.2726140303265,103.827744705929,BUKIT MERAH
"18 MOSQUE STREET, SINGAPORE 059498",Hotel,No,,,Small,1250.0,358.0,266,Y,059498,1.28372763204993,103.844571640916,OUTRAM
"62 UPPER CROSS STREET, SINGAPORE 058353",Hotel,No,,,Small,1447.0,264.0,258,Y,058353,1.28447579893475,103.844305857615,OUTRAM
"134 JALAN BESAR, SINGAPORE 208852",Hotel,No,,,Small,698.0,202.0,198,Y,208852,1.3066864549953,103.856401200652,ROCHOR
"48 MOSQUE STREET, SINGAPORE 059526",Hotel,No,,,Small,3700.0,241.0,254,Y,059526,1.28423978093808,103.844285497766,OUTRAM
"36 SOUTH BRIDGE ROAD, SINGAPORE 058670",Hotel,No,,,Small,513.0,274.0,182,Y,058670,1.28808238524093,103.848499238741,SINGAPORE RIVER
"101 JALAN SULTAN, SINGAPORE 199002",Hotel,No,,,Small,2691.0,131.0,153,Y,199002,1.30317536901555,103.861002449925,ROCHOR
"15 UPPER WELD ROAD, SINGAPORE 207372",Hotel,No,,,Small,450.0,588.0,664,Y,207372,1.30536578514188,103.854840697511,ROCHOR
"38 HONGKONG STREET, SINGAPORE 059677",Hotel,No,,,Small,538.0,202.0,196,Y,059677,1.28732251766856,103.847321956736,SINGAPORE RIVER
"103 BEACH ROAD, SINGAPORE 189704",Hotel,No,,,Small,1998.0,403.0,417,Y,189704,1.29789135120372,103.857093524581,DOWNTOWN CORE
"10 LORONG 18 GEYLANG, SINGAPORE 398793",Hotel,No,,,Small,1277.0,149.0,142,Y,398793,1.31224821746618,103.8804441952,GEYLANG
"28 ANN SIANG ROAD, SINGAPORE 069708",Hotel,No,,,Small,1940.0,223.0,428,Y,069708,1.280761494595,103.845765352032,OUTRAM
"211 SOUTH BRIDGE ROAD, SINGAPORE 058760",Hotel,No,,,Small,695.0,25.0,44,Y,058760,1.28304083761842,103.845955034387,OUTRAM
"51 LAVENDER STREET, SINGAPORE 338710",Hotel,No,,,Small,658.0,280.0,268,Y,338710,1.30980169598624,103.863074069324,KALLANG
"263 BALESTIER ROAD, SINGAPORE 329715",Hotel,No,,,Small,1179.0,243.0,193,Y,329715,1.3220759441627,103.852597252176,NOVENA
"10 LORONG 20 GEYLANG, SINGAPORE 398730",Hotel,No,,,Small,2919.0,247.0,261,Y,398730,1.31223789650035,103.881097105134,GEYLANG
"50 LORONG 18 GEYLANG, SINGAPORE 398824",Hotel,No,,,Small,3360.0,139.0,150,Y,398824,1.31057545201105,103.880589485359,GEYLANG
"400 TELOK BLANGAH ROAD, SINGAPORE 098838",Hotel,No,,,Small,656.0,393.0,366,Y,098838,1.26970676578021,103.813874982098,BUKIT MERAH
"175 ALBERT STREET, SINGAPORE 189970",Hotel,No,,,Small,4075.0,316.0,322,Y,189970,1.30359247101697,103.851186873135,ROCHOR
"21 LORONG 14 GEYLANG, SINGAPORE 398961",Hotel,No,,,Small,2582.0,207.0,224,Y,398961,1.31156056051185,103.879289166879,GEYLANG
"432 PASIR PANJANG ROAD, SINGAPORE 118773",Hotel,No,,,Small,875.0,314.0,357,Y,118773,1.29241376399494,103.768512796805,QUEENSTOWN
"75 WISHART ROAD, SINGAPORE 098721",Hotel,No,,,Small,668.0,246.0,233,Y,098721,1.26992506088362,103.813999733395,BUKIT MERAH
"20 HONGKONG STREET, SINGAPORE 059663",Hotel,No,,,Small,2156.0,370.0,380,Y,059663,1.28789595123916,103.847146351992,SINGAPORE RIVER
"28 PENHAS ROAD, SINGAPORE 208187",Hotel,No,,,Small,1714.0,301.0,310,Y,208187,1.30960103522706,103.862449485483,KALLANG
"183 SELEGIE ROAD, SINGAPORE 188329",Hotel,No,,,Small,2128.0,282.0,249,Y,188329,1.30376527977766,103.849948910168,ROCHOR
"33 MIDDLE ROAD, SINGAPORE 188942",Hotel,No,,,Small,1575.0,336.0,324,Y,188942,1.29692082419683,103.855556158047,DOWNTOWN CORE
"10 LORONG 10 GEYLANG, SINGAPORE 399043",Hotel,No,,,Small,733.0,189.0,176,Y,399043,1.31144110375165,103.877506693246,GEYLANG
"418 PASIR PANJANG ROAD, SINGAPORE 118759",Hotel,No,,,Small,1024.0,280.0,291,Y,118759,1.29220562998617,103.76889162075,QUEENSTOWN
"255 BALESTIER ROAD, SINGAPORE 329710",Hotel,No,,,Small,890.0,199.0,189,Y,329710,1.32197153507327,103.852662163633,NOVENA
"435 BALESTIER ROAD, SINGAPORE 329816",Hotel,No,,,Small,687.0,353.0,302,Y,329816,1.32588742529907,103.848604723907,NOVENA
"418 BALESTIER ROAD, SINGAPORE 329808",Hotel,No,,,Small,841.0,410.0,421,Y,329808,1.32586522424804,103.849620046049,NOVENA
"3 LORONG 10 GEYLANG, SINGAPORE 399037",Hotel,No,,,Small,1524.0,221.0,224,Y,399037,1.31175752552487,103.877769445851,GEYLANG
"20 LORONG 6 GEYLANG, SINGAPORE 399174",Hotel,No,,,Small,2677.0,275.0,262,Y,399174,1.3110103701544,103.876341779073,GEYLANG
"219 JOO CHIAT ROAD, SINGAPORE 427485",Hotel,No,,,Small,2105.0,232.0,170,Y,427485,1.31149499266846,103.901246954391,GEYLANG
"760 UPPER SERANGOON ROAD, SINGAPORE 534629",Hotel,No,,,Small,850.0,344.0,306,Y,534629,1.35405859231097,103.878764405887,HOUGANG
"11 MACKENZIE ROAD, SINGAPORE 228675",Hotel,No,,,Small,518.0,209.0,255,Y,228675,1.30434908677393,103.849908918079,ROCHOR
"17 BALMORAL ROAD, SINGAPORE 259803",Hotel,No,,,Small,1768.0,40.0,44,Y,259803,1.31568887219293,103.832317948898,TANGLIN
"257 JALAN BESAR, SINGAPORE 208930",Hotel,No,,,Small,493.0,177.0,148,Y,208930,1.31019232900635,103.858155061402,KALLANG
"77 GEYLANG ROAD, SINGAPORE 389197",Hotel,No,,,Small,115.0,367.0,401,Y,389197,1.31073851240701,103.872836832475,KALLANG
"39 SYED ALWI ROAD, SINGAPORE 207630",Hotel,No,,,Small,1997.0,137.0,352,Y,207630,1.30689059723955,103.858401642705,ROCHOR
"12 PERAK ROAD, SINGAPORE 208133",Hotel,No,,,Small,1394.0,133.0,134,Y,208133,1.30477736226195,103.853212734493,ROCHOR
"3 VEERASAMY ROAD, SINGAPORE 207309",Hotel,No,,,Small,718.0,157.0,159,Y,207309,1.30782185298182,103.853089988772,ROCHOR
"8 JALAN KUBOR, SINGAPORE 199207",Hotel,No,,,Small,2016.0,234.0,245,Y,199207,1.30405335069647,103.859429082158,ROCHOR
"428 PASIR PANJANG ROAD, SINGAPORE 118769",Hotel,No,,,Small,1015.0,183.0,189,Y,118769,1.29235781840923,103.76860608355,QUEENSTOWN
"34 LORONG 22 GEYLANG, SINGAPORE 398691",Hotel,No,,,Small,1278.0,180.0,189,Y,398691,1.31116644553202,103.881861949719,GEYLANG
"87 VICTORIA STREET, SINGAPORE 188016",Hotel,No,,,Small,2845.0,119.0,89,Y,188016,1.29709983994672,103.852442334393,ROCHOR
"162 TYRWHITT ROAD, SINGAPORE 207581",Hotel,No,,,Small,1954.0,72.0,206,Y,207581,1.31175542013166,103.8606175434,KALLANG
"624 SERANGOON ROAD, SINGAPORE 218223",Hotel,No,,,Small,690.0,87.0,99,Y,218223,1.31570432709021,103.858804799992,KALLANG
"9 LORONG 10 GEYLANG, SINGAPORE 399042",Hotel,No,,,Small,281.0,572.0,512,Y,399042,1.31159166331682,103.877803627436,GEYLANG
"44 ROWELL ROAD, SINGAPORE 207995",Hotel,No,,,Small,107.0,348.0,304,Y,207995,1.30850392590277,103.854724870783,ROCHOR
"210 SOUTH BRIDGE ROAD, SINGAPORE 058759",Hotel,No,,,Small,1906.0,175.0,213,Y,058759,1.2833972658063,103.845702273218,OUTRAM
"41 SEAH STREET, SINGAPORE 188396",Hotel,Yes,Gold,2012.0,Small,3560.0,321.0,339,Y,188396,1.29586713063921,103.855188377984,DOWNTOWN CORE
"407 JALAN BESAR, SINGAPORE 209012",Hotel,No,,,Small,1022.0,153.0,191,Y,209012,1.31379680571776,103.859775931752,KALLANG
"15 MACKENZIE ROAD, SINGAPORE 228677",Hotel,No,,,Small,1117.0,341.0,346,Y,228677,1.30441539574488,103.849800322845,ROCHOR
"180 KITCHENER ROAD, SINGAPORE 208539",Retail,Yes,Platinum,2015.0,Large,65640.0,393.0,385,Y,208539,1.31138865009152,103.856626209616,KALLANG
"11 TANJONG KATONG ROAD, SINGAPORE 437157",Retail,Yes,Gold,2015.0,Large,28938.0,467.0,463,Y,437157,1.31461849889242,103.894738004496,GEYLANG
"810 GEYLANG ROAD, SINGAPORE 409286",Retail,No,,,Large,33782.0,171.0,159,Y,409286,1.31470866320366,103.893508573389,GEYLANG
"144 UPPER BUKIT TIMAH ROAD, SINGAPORE 588177",Retail,No,,,Large,42262.0,138.0,145,Y,588177,1.34239508820554,103.776468301093,BUKIT TIMAH
"1 JALAN ANAK BUKIT, SINGAPORE 588996",Retail,Yes,Gold,2012.0,Large,25772.0,375.0,379,Y,588996,1.3386316527745,103.778585430975,BUKIT TIMAH
"14 SCOTTS ROAD, SINGAPORE 228213",Retail,Yes,GoldPlus,2014.0,Large,40749.0,322.0,305,Y,228213,1.30730468891062,103.833818438639,ORCHARD
"23 SERANGOON CENTRAL, SINGAPORE 556083",Retail,Yes,Gold,2014.0,Large,87527.0,505.0,506,Y,556083,1.35076935257845,103.872296143862,SERANGOON
"1 PARK ROAD, SINGAPORE 059108",Retail,No,,,Large,44900.0,238.0,210,Y,059108,1.28404487854559,103.842590753293,OUTRAM
"150 ORCHARD ROAD, SINGAPORE 238841",Retail,Yes,GoldPlus,2014.0,Large,22331.0,230.0,245,Y,238841,1.30125729409965,103.841150144584,ORCHARD
"33 SENGKANG WEST AVENUE, SINGAPORE 797653",Retail,Yes,Gold,2015.0,Large,25380.0,617.0,634,Y,797653,1.39131549124709,103.876213231014,SENGKANG
"930 YISHUN AVENUE 2, SINGAPORE 769098",Retail,No,,,Large,34970.0,583.0,499,Y,769098,1.42966770139491,103.83583915076,YISHUN
"1 FARRER PARK STATION ROAD, SINGAPORE 217562",Retail,Yes,Platinum,2011.0,Large,58369.0,280.0,302,Y,217562,1.31275668101216,103.853842188373,ROCHOR
"313 ORCHARD ROAD, SINGAPORE 238895",Retail,Yes,Platinum,2016.0,Large,39913.0,549.0,535,Y,238895,1.30100656917241,103.838246592796,ORCHARD
"160 ORCHARD ROAD, SINGAPORE 238842",Retail,No,,,Large,26671.0,216.0,213,Y,238842,1.30137135194991,103.840549639251,ORCHARD
"145 SYED ALWI ROAD, SINGAPORE 207704",Retail,No,,,Large,23000.0,873.0,850,Y,207704,1.31053493112425,103.855002052529,KALLANG
"1 BUKIT BATOK CENTRAL LINK, SINGAPORE 658713",Retail,Yes,Gold,2013.0,Large,24182.0,490.0,479,Y,658713,1.35037541626109,103.74912389291,BUKIT BATOK
"177 RIVER VALLEY ROAD, SINGAPORE 179030",Retail,No,,,Large,49164.0,377.0,365,Y,179030,0,0,NA
"1 PASIR RIS CENTRAL STREET 3, SINGAPORE 518457",Retail,Yes,Platinum,2015.0,Large,22076.0,322.0,573,Y,518457,1.37228761596577,103.949733905672,PASIR RIS
"290 ORCHARD ROAD, SINGAPORE 238859",Retail,No,,,Large,94403.0,442.0,423,Y,238859,1.30400640416679,103.835978860567,ORCHARD
"3155 COMMONWEALTH AVENUE WEST, SINGAPORE 129588",Retail,No,,,Large,20089.0,924.0,922,Y,129588,1.31555354277949,103.764596439304,CLEMENTI
"180 BENCOOLEN STREET, SINGAPORE 189646",Retail,No,,,Large,29796.0,139.0,136,Y,189646,1.30166188823652,103.853356123694,ROCHOR
"865 MOUNTBATTEN ROAD, SINGAPORE 437844",Retail,No,,,Large,16871.0,354.0,357,Y,437844,1.30382040183737,103.901040040407,MARINE PARADE
"435 ORCHARD ROAD, SINGAPORE 238877",Retail,No,,,Large,40064.0,341.0,355,Y,238877,1.30369890679412,103.833189592785,ORCHARD
"3A RIVER VALLEY ROAD, SINGAPORE 179020",Retail,No,,,Large,34009.0,507.0,523,Y,179020,1.29031709810864,103.844960579846,SINGAPORE RIVER
"149 ROCHOR ROAD, SINGAPORE 188425",Retail,No,,,Large,16747.0,255.0,259,Y,188425,1.30151258571919,103.854497235401,ROCHOR
"176 ORCHARD ROAD, SINGAPORE 238843",Retail,No,,,Large,53196.0,284.0,264,Y,238843,1.30151446722773,103.840054426935,ORCHARD
"1 JELEBU ROAD, SINGAPORE 677743",Retail,Yes,Gold,2013.0,Large,22998.0,618.0,622,Y,677743,1.38052239451717,103.764051414862,BUKIT PANJANG
"163 TANGLIN ROAD, SINGAPORE 247933",Retail,No,,,Large,21267.0,554.0,543,Y,247933,1.30485342102105,103.823883490852,ORCHARD
"201 VICTORIA STREET, SINGAPORE 188067",Retail,Yes,Platinum,2012.0,Large,27629.0,532.0,539,Y,188067,1.29963881014497,103.854304640923,ROCHOR
"1 TURF CLUB AVENUE, SINGAPORE 738078",Retail,No,,,Large,210427.0,170.0,175,Y,738078,1.42203453745817,103.759210217078,SUNGEI KADUT
"50 EAST COAST ROAD, SINGAPORE 428769",Retail,No,,,Large,79471.0,173.0,169,Y,428769,1.30335696401522,103.904685504029,MARINE PARADE
"170 UPPER BUKIT TIMAH ROAD, SINGAPORE 588179",Retail,Yes,Gold,2014.0,Large,29985.0,135.0,138,Y,588179,1.34332078949297,103.775854160806,BUKIT TIMAH
"604 SEMBAWANG ROAD, SINGAPORE 758459",Retail,Yes,Gold,2016.0,Large,18394.0,554.0,559,Y,758459,1.44185307934021,103.824970378482,SEMBAWANG
"9 BISHAN PLACE, SINGAPORE 579837",Retail,Yes,Platinum,2012.0,Large,41922.0,516.0,520,Y,579837,1.35031600039774,103.848496645294,BISHAN
"1 JOO CHIAT ROAD, SINGAPORE 420001",Retail,No,,,Large,25347.0,287.0,268,Y,420001,1.31587653400999,103.898378099316,GEYLANG
"2 SERANGOON ROAD, SINGAPORE 218227",Retail,No,,,Large,21233.0,381.0,364,Y,218227,1.30512222179237,103.851438822181,ROCHOR
"1 EXPO DRIVE, SINGAPORE 486150",Retail,No,,,Large,170288.0,125.0,129,Y,486150,1.33559509073581,103.960988706454,TAMPINES
"30 SEMBAWANG DRIVE, SINGAPORE 757713",Retail,No,,,Large,21654.0,424.0,548,Y,757713,1.44823113453257,103.819523749458,SEMBAWANG
"60 ORCHARD ROAD, SINGAPORE 238889",Retail,Yes,Gold,2011.0,Large,53609.0,243.0,234,Y,238889,1.29940239409636,103.845516022173,MUSEUM
"68 ORCHARD ROAD, SINGAPORE 238839",Retail,Yes,Gold,2012.0,Large,70955.0,417.0,415,Y,238839,1.30082071769235,103.845067272938,MUSEUM
"268 ORCHARD ROAD, SINGAPORE 238856",Retail,No,,,Large,16971.0,93.0,127,Y,238856,1.30289565860158,103.83692040228,ORCHARD
"21 CHOA CHU KANG AVENUE 4, SINGAPORE 689812",Retail,Yes,Gold,2012.0,Large,30405.0,591.0,599,Y,689812,1.38506836476439,103.744950378814,CHOA CHU KANG
"1 WOODLANDS SQUARE, SINGAPORE 738099",Retail,Yes,Platinum,2011.0,Large,58450.0,486.0,476,Y,738099,1.43622867995805,103.786349823084,WOODLANDS
"5 CHANGI BUSINESS PARK CENTRAL 1, SINGAPORE 486038",Retail,Yes,GoldPlus,2011.0,Large,28463.0,522.0,490,Y,486038,1.33408359331373,103.962946083391,TAMPINES
"1 VISTA EXCHANGE GREEN, SINGAPORE 138617",Retail,Yes,Gold,2009.0,Large,62000.0,365.0,348,Y,138617,1.30695082420353,103.788287276561,QUEENSTOWN
"200 TURF CLUB ROAD, SINGAPORE 287994",Retail,No,,,Large,90517.0,211.0,210,Y,287994,1.33759373277131,103.793707423659,BUKIT TIMAH
"1 JURONG WEST CENTRAL 2, SINGAPORE 648886",Retail,Yes,Gold,2016.0,Large,51095.0,514.0,510,Y,648886,1.33945200436319,103.706685012654,JURONG WEST
"301 UPPER THOMSON ROAD, SINGAPORE 574408",Retail,No,,,Large,29413.0,463.0,464,Y,574408,1.35479914752227,103.831000988686,BISHAN
"2 JURONG EAST CENTRAL 1, SINGAPORE 609731",Retail,Yes,Platinum,2016.0,Large,29433.0,623.0,643,Y,609731,1.33332312550425,103.740187071348,JURONG EAST
"4 TAMPINES CENTRAL 5, SINGAPORE 529510",Retail,Yes,Gold,2013.0,Large,47065.0,563.0,570,Y,529510,1.35267232210231,103.944387981063,TAMPINES
"50 JURONG GATEWAY ROAD, SINGAPORE 608549",Retail,Yes,Platinum,2013.0,Large,108169.0,350.0,347,Y,608549,1.3325523295069,103.743262234833,JURONG EAST
"304 ORCHARD ROAD, SINGAPORE 238863",Retail,Yes,Platinum,2015.0,Large,46816.0,348.0,349,Y,238863,1.30448579105197,103.833941935117,ORCHARD
"83 PUNGGOL CENTRAL, SINGAPORE 828761",Retail,Yes,GoldPlus,2015.0,Large,50399.0,7.0,496,Y,828761,1.4064128346795,103.902188891645,PUNGGOL
"845 GEYLANG ROAD, SINGAPORE 400845",Retail,No,,,Large,19000.0,263.0,250,Y,400845,1.31639445681762,103.894359081999,GEYLANG
"112 EAST COAST ROAD, SINGAPORE 428802",Retail,No,,,Large,26140.0,493.0,481,Y,428802,1.30522461599039,103.905101873935,MARINE PARADE
"33 LORONG 12 GEYLANG, SINGAPORE 399007",Retail,No,,,Small,400.0,370.0,372,Y,399007,1.3102273446243,103.878806728685,GEYLANG
"805 BUKIT TIMAH ROAD, SINGAPORE 279883",Retail,No,,,Small,1323.0,318.0,326,Y,279883,1.33143049540259,103.79500253329,BUKIT TIMAH
"557 BUKIT TIMAH ROAD, SINGAPORE 269694",Retail,No,,,Small,2250.0,404.0,431,Y,269694,1.32304666837659,103.811160666737,BUKIT TIMAH
"180 ORCHARD ROAD, SINGAPORE 238846",Retail,No,,,Small,1715.0,537.0,561,Y,238846,1.30148487514509,103.839139972614,ORCHARD
"23A COLEMAN STREET, SINGAPORE 179806",Retail,No,,,Small,2789.0,139.0,147,Y,179806,1.29255612664997,103.848985573515,MUSEUM
"21 HOUGANG STREET 51, SINGAPORE 538719",Retail,No,,,Small,9899.0,453.0,447,Y,538719,1.37931783499145,103.88784708944,HOUGANG
"70 EU TONG SEN STREET, SINGAPORE 059805",Retail,No,,,Small,4993.0,389.0,372,Y,059805,1.28485600695181,103.843524943796,OUTRAM
"587 BUKIT TIMAH ROAD, SINGAPORE 269707",Retail,No,,,Small,4562.0,688.0,674,Y,269707,1.32383369976841,103.810002032513,BUKIT TIMAH
"600 LORONG 4 TOA PAYOH, SINGAPORE 319515",Retail,No,,,Small,2748.0,592.0,632,Y,319515,1.33403623894465,103.850977706475,TOA PAYOH
"6A STEVENS ROAD, SINGAPORE 257815",Retail,No,,,Small,272.0,73.0,84,Y,257815,1.31189567154432,103.833309746338,NEWTON
"2 LORONG 29 GEYLANG, SINGAPORE 388058",Retail,No,,,Small,1260.0,230.0,157,Y,388058,1.31409425327365,103.885861370179,GEYLANG
"30 RAFFLES AVENUE, SINGAPORE 039803",Retail,Yes,Certified,2007.0,Small,13590.0,505.0,472,Y,039803,1.28967817604306,103.863412595794,DOWNTOWN CORE
"181 UPPER THOMSON ROAD, SINGAPORE 574331",Retail,Yes,Gold,2014.0,Small,578.0,297.0,289,Y,574331,1.35068956297742,103.835727906424,BISHAN
"205 HOUGANG STREET 21, SINGAPORE 530205",Retail,No,,,Small,13568.0,602.0,584,Y,530205,1.3594966483839,103.885079918915,HOUGANG
"623 CHOA CHU KANG STREET 62, SINGAPORE 680623",Retail,No,,,Small,5659.0,168.0,163,Y,680623,1.39832134529461,103.747344865384,CHOA CHU KANG
"18 RAFFLES QUAY, SINGAPORE 048582",Retail,No,,,Small,4833.0,658.0,624,Y,048582,1.28065386814644,103.850412718567,DOWNTOWN CORE
"228 ORCHARD ROAD, SINGAPORE 238853",Retail,No,,,Small,4117.0,370.0,355,Y,238853,1.30185487953532,103.838486620031,ORCHARD
"100 UPPER CROSS STREET, SINGAPORE 058360",Retail,No,,,Small,12439.0,297.0,292,Y,058360,1.28521518508963,103.843202911122,OUTRAM
"293 HOLLAND ROAD, SINGAPORE 278628",Retail,No,,,Small,3508.0,784.0,743,Y,278628,1.31754555939886,103.785850542515,BUKIT TIMAH
"1 BROOKE ROAD, SINGAPORE 429979",Retail,No,,,Small,5411.0,223.0,225,Y,429979,1.30413915139831,103.903890730119,MARINE PARADE
"190 CLEMENCEAU AVENUE, SINGAPORE 239924",Retail,Yes,Gold,2016.0,Small,11256.0,207.0,160,Y,239924,1.29815265394505,103.844111318107,MUSEUM
"47 PAGODA STREET, SINGAPORE 059206",Retail,No,,,Small,591.0,502.0,525,Y,059206,1.283180643498,103.844486518822,OUTRAM
"202 SERANGOON ROAD, SINGAPORE 218069",Retail,No,,,Small,939.0,288.0,318,Y,218069,1.30892123919978,103.853609276994,ROCHOR
"1 QUEENSWAY, SINGAPORE 149053",Retail,No,,,Small,12977.0,328.0,323,Y,149053,1.28761792586115,103.803391140455,QUEENSTOWN
"441 BALESTIER ROAD, SINGAPORE 329820",Retail,No,,,Small,910.0,144.0,163,Y,329820,1.32595906529294,103.848430314872,NOVENA
"5 KOEK ROAD, SINGAPORE 228796",Retail,No,,,Small,14571.0,305.0,302,Y,228796,1.30199868252287,103.84073976691,ORCHARD
"530 NORTH BRIDGE ROAD, SINGAPORE 188747",Retail,No,,,Small,1576.0,273.0,374,Y,188747,1.29883591544935,103.856129271354,DOWNTOWN CORE
"191 UPPER BUKIT TIMAH ROAD, SINGAPORE 588180",Retail,No,,,Small,2781.0,213.0,266,Y,588180,1.34409909713593,103.774676328827,BUKIT TIMAH
"189 SELEGIE ROAD, SINGAPORE 188332",Retail,No,,,Small,2019.0,295.0,358,Y,188332,0,0,NA
"291 NEW BRIDGE ROAD, SINGAPORE 088756",Retail,No,,,Small,5992.0,403.0,385,Y,088756,1.28189332818051,103.841977656341,OUTRAM
"80 EU TONG SEN STREET, SINGAPORE 059810",Retail,No,,,Small,4059.0,240.0,248,Y,059810,1.28471077015851,103.843197416212,OUTRAM
"2 ALIWAL STREET, SINGAPORE 199895",Retail,No,,,Small,1767.0,148.0,176,Y,199895,1.30186780183715,103.861507444818,ROCHOR
"21 CHOA CHU KANG NORTH 6, SINGAPORE 689578",Retail,No,,,Small,10880.0,621.0,617,Y,689578,1.39708432396576,103.746598000147,CHOA CHU KANG
"548 WOODLANDS DRIVE 44, SINGAPORE 730548",Retail,Yes,Gold,2011.0,Small,11260.0,,467,Y,730548,1.43084006826605,103.793416329134,WOODLANDS
"108 DEPOT ROAD, SINGAPORE 100108",Retail,Yes,Gold,2015.0,Small,10700.0,167.0,164,Y,100108,1.28096680702384,103.810298189643,BUKIT MERAH
"211 HOLLAND AVENUE, SINGAPORE 278967",Retail,No,,,Small,7403.0,441.0,419,Y,278967,1.31025542158588,103.795350441035,QUEENSTOWN
"6 SCOTTS ROAD, SINGAPORE 228209",Retail,No,,,Small,12158.0,451.0,468,Y,228209,1.30585582603508,103.832984356543,ORCHARD
"51 YISHUN CENTRAL 1, SINGAPORE 768794",Retail,No,,,Small,5574.0,580.0,567,Y,768794,1.42991718038493,103.836421473445,YISHUN
"5 TAMPINES STREET 32, SINGAPORE 529284",Retail,No,,,Small,9900.0,143.0,144,Y,529284,1.35430033554002,103.959985126114,TAMPINES
"291 JOO CHIAT ROAD, SINGAPORE 427543",Retail,No,,,Small,1253.0,569.0,519,Y,427543,1.3098709702541,103.902354993065,MARINE PARADE
"218 ORCHARD ROAD, SINGAPORE 238851",Retail,Yes,Gold,2010.0,Small,9700.0,299.0,278,Y,238851,1.30160116957544,103.838868886519,ORCHARD
"21 CUSCADEN ROAD, SINGAPORE 249720",Retail,No,,,Small,5338.0,257.0,245,Y,249720,1.30620284633911,103.827951886588,ORCHARD
"399 YUNG SHENG ROAD, SINGAPORE 610399",Retail,Yes,Gold,2013.0,Small,11820.0,401.0,412,Y,610399,1.33476422515942,103.720460818484,JURONG WEST
"799 NEW UPPER CHANGI ROAD, SINGAPORE 467351",Retail,Yes,Gold,2014.0,Small,12412.0,385.0,376,Y,467351,0,0,NA
"27 BENDEMEER ROAD, SINGAPORE 330027",Retail,No,,,Small,2070.0,712.0,728,Y,330027,1.31883815362848,103.862815823199,KALLANG
"87 SCIENCE PARK DRIVE, SINGAPORE 118260",Retail,No,,,Small,6100.0,45.0,66,Y,118260,1.28774358639098,103.790369856119,QUEENSTOWN
"10 JALAN SERENE, SINGAPORE 258748",Retail,No,,,Small,3838.0,366.0,378,Y,258748,1.32259059908733,103.81369629522,TANGLIN
"11 RIVERVALE CRESCENT, SINGAPORE 545082",Retail,No,,,Small,10149.0,796.0,738,Y,545082,1.39221732695142,103.904473070943,SENGKANG
"2 ORCHARD LINK, SINGAPORE 237978",Retail,No,,,Small,13102.0,369.0,363,Y,237978,1.30106463675593,103.835784682851,ORCHARD
"3501 JALAN BUKIT MERAH, SINGAPORE 159460",Retail,No,,,Small,5003.0,188.0,216,Y,159460,1.28348433174779,103.818267800134,BUKIT MERAH
"1 MAJU AVENUE, SINGAPORE 556679",Retail,No,,,Small,5312.0,750.0,717,Y,556679,1.3652806057289,103.865101220515,SERANGOON
"470 NORTH BRIDGE ROAD, SINGAPORE 188735",Retail,No,,,Small,6188.0,225.0,268,Y,188735,1.2981408343975,103.855635339249,DOWNTOWN CORE
"370 ALEXANDRA ROAD, SINGAPORE 159953",Retail,No,,,Small,9544.0,590.0,583,Y,159953,1.28901158945676,103.805330963707,QUEENSTOWN
"30 VICTORIA STREET, SINGAPORE 187996",Retail,Yes,Certified,2015.0,Small,14790.0,484.0,535,Y,187996,1.29479670956332,103.852573366033,DOWNTOWN CORE
"42 UPPER EAST COAST ROAD, SINGAPORE 455213",Retail,No,,,Small,1829.0,280.0,288,Y,455213,1.31257133681116,103.927002398803,BEDOK
"3151 COMMONWEALTH AVENUE WEST, SINGAPORE 129581",Retail,No,,,Small,4325.0,480.0,420,Y,129581,1.31427043922294,103.765147487482,CLEMENTI
"31 OCEAN WAY, SINGAPORE 098375",Retail,Yes,Platinum,2012.0,Small,5729.0,582.0,593,Y,098375,1.24707037485673,103.842196112807,SOUTHERN ISLANDS
"45 SCIENCE PARK ROAD, SINGAPORE 117407",Retail,No,,,Small,2159.0,0.0,78,Y,117407,1.28742993048991,103.782688324656,QUEENSTOWN
"780 UPPER SERANGOON ROAD, SINGAPORE 534649",Retail,No,,,Small,729.0,441.0,425,Y,534649,1.35450868269668,103.879280958773,HOUGANG
"711 EAST COAST ROAD, SINGAPORE 459065",Retail,No,,,Small,713.0,212.0,198,Y,459065,1.31215597307352,103.922513609429,BEDOK
"511 CANBERRA ROAD, SINGAPORE 750511",Retail,No,,,Small,5345.0,483.0,494,Y,750511,1.45384518981322,103.819543344305,SEMBAWANG
"1 JALAN BERSEH, SINGAPORE 209037",Retail,No,,,Small,8625.0,321.0,325,Y,209037,1.30740644951859,103.85747836874,ROCHOR
"34 CRAIG ROAD, SINGAPORE 089673",Retail,No,,,Small,4828.0,255.0,256,Y,089673,0,0,NA
"985 UPPER SERANGOON ROAD, SINGAPORE 534731",Retail,No,,,Small,580.0,191.0,175,Y,534731,1.36220947602718,103.886929234016,HOUGANG
"230 VICTORIA STREET, SINGAPORE 188024",Mixed Development,Yes,Platinum,2014.0,Large,119035.0,401.0,393,Y,188024,1.29988818208147,103.85602341047,DOWNTOWN CORE
"252 NORTH BRIDGE ROAD, SINGAPORE 179103",Mixed Development,Yes,Gold,2010.0,Large,240130.0,513.0,500,Y,179103,1.29376028134073,103.852768324281,DOWNTOWN CORE
"6 RAFFLES BOULEVARD, SINGAPORE 039594",Mixed Development,No,,,Large,460500.0,209.0,211,Y,039594,1.29145526802576,103.857007335679,DOWNTOWN CORE
"9 RAFFLES BOULEVARD, SINGAPORE 039596",Mixed Development,Yes,Platinum,2011.0,Large,228435.0,292.0,306,Y,039596,1.29296504146626,103.859343968909,DOWNTOWN CORE
"333 ORCHARD ROAD, SINGAPORE 238867",Mixed Development,No,,,Large,127860.0,233.0,218,Y,238867,1.30206450556085,103.836340953476,ORCHARD
"70 COLLYER QUAY, SINGAPORE 049323",Mixed Development,No,,,Large,63748.0,520.0,525,Y,049323,1.28250872626601,103.853557170034,DOWNTOWN CORE
"3 COLEMAN STREET, SINGAPORE 179804",Mixed Development,No,,,Large,51487.0,397.0,368,Y,179804,1.29184722286359,103.85016512189,DOWNTOWN CORE
"1 KIM SENG PROMENADE, SINGAPORE 237994",Mixed Development,No,,,Large,135183.0,256.0,247,Y,237994,1.2934759620704,103.831975865363,SINGAPORE RIVER
"101 THOMSON ROAD, SINGAPORE 307591",Mixed Development,No,,,Large,65933.0,287.0,284,Y,307591,1.31699088160901,103.843866811519,NOVENA
"2 JURONG EAST STREET 21, SINGAPORE 609601",Mixed Development,No,,,Large,132527.0,228.0,241,Y,609601,1.33491758755437,103.746877132868,JURONG EAST
"101 UPPER CROSS STREET, SINGAPORE 058357",Mixed Development,No,,,Large,49701.0,238.0,237,Y,058357,1.28580583517057,103.844032214205,OUTRAM
"133 NEW BRIDGE ROAD, SINGAPORE 059413",Mixed Development,No,,,Large,51611.0,382.0,385,Y,059413,1.28518516098542,103.844942912274,OUTRAM
"260 ORCHARD ROAD, SINGAPORE 238855",Mixed Development,Yes,Platinum,2015.0,Large,36383.0,333.0,318,Y,238855,1.30265160142482,103.837367213158,ORCHARD
"1 SELEGIE ROAD, SINGAPORE 188306",Mixed Development,Yes,Platinum,2010.0,Large,21831.0,270.0,271,Y,188306,1.30010826723486,103.849264127911,ROCHOR
"501 ORCHARD ROAD, SINGAPORE 238880",Mixed Development,Yes,Gold,2014.0,Large,43280.0,284.0,284,Y,238880,1.30467628730252,103.830642027577,ORCHARD
"60 ALBERT STREET, SINGAPORE 189969",Mixed Development,Yes,Gold,2015.0,Large,25724.0,207.0,204,Y,189969,1.30237807553016,103.853794531128,ROCHOR
"400 ORCHARD ROAD, SINGAPORE 238875",Mixed Development,Yes,Certified,2016.0,Large,42809.0,189.0,182,Y,238875,1.30694456840806,103.829339596247,ORCHARD
"390 ORCHARD ROAD, SINGAPORE 238871",Mixed Development,Yes,Platinum,2014.0,Large,16490.89,220.0,220,Y,238871,1.30665484543191,103.829588045188,ORCHARD
"583 ORCHARD ROAD, SINGAPORE 238884",Mixed Development,No,,,Large,24639.0,396.0,409,Y,238884,1.30624873073847,103.829034914315,ORCHARD
"111 NORTH BRIDGE ROAD, SINGAPORE 179098",Mixed Development,No,,,Large,50051.0,251.0,267,Y,179098,1.29232248414936,103.85080450702,DOWNTOWN CORE
"100 ORCHARD ROAD, SINGAPORE 238840",Mixed Development,No,,,Large,62543.0,185.0,179,Y,238840,1.30061437384276,103.842228045431,ORCHARD
"10 JALAN BESAR, SINGAPORE 208787",Mixed Development,Yes,GoldPlus,2015.0,Large,22768.0,144.0,141,Y,208787,1.30377222122298,103.85466144692,ROCHOR
"581 ORCHARD ROAD, SINGAPORE 238883",Mixed Development,No,,,Large,38986.0,321.0,312,Y,238883,1.30587902361324,103.829314888722,ORCHARD
"165 TANJONG PAGAR ROAD, SINGAPORE 088539",Mixed Development,No,,,Large,49948.0,413.0,416,Y,088539,1.27497303218867,103.843595205997,DOWNTOWN CORE
"541 ORCHARD ROAD, SINGAPORE 238881",Mixed Development,No,,,Large,19570.0,291.0,308,Y,238881,1.30508722710852,103.830722581168,ORCHARD
"809 FRENCH ROAD, SINGAPORE 200809",Mixed Development,No,,,Large,26881.0,103.0,115,Y,200809,1.30832700516352,103.862005870884,KALLANG
"277 ORCHARD ROAD, SINGAPORE 238858",Mixed Development,Yes,Platinum,2012.0,Large,48324.0,397.0,400,Y,238858,1.30048912114759,103.839325098624,ORCHARD
"1 COLEMAN STREET, SINGAPORE 179803",Mixed Development,No,,,Large,41158.0,219.0,216,Y,179803,1.29124450197035,103.851236674943,DOWNTOWN CORE
"128 PRINSEP STREET, SINGAPORE 188655",Mixed Development,No,,,Small,1543.0,146.0,177,Y,188655,1.30185644908924,103.851832335297,ROCHOR
"23 KELANTAN LANE, SINGAPORE 208642",Mixed Development,No,,,Small,634.0,46.0,25,Y,208642,1.30651732542212,103.856560548671,ROCHOR
"432 BALESTIER ROAD, SINGAPORE 329813",Mixed Development,No,,,Small,11880.0,42.0,41,Y,329813,1.32640299982338,103.848659877472,NOVENA
"301 GEYLANG ROAD, SINGAPORE 389344",Mixed Development,No,,,Small,2785.0,353.0,367,Y,389344,1.31272117351252,103.878642017231,GEYLANG
"52 CHIN SWEE ROAD, SINGAPORE 169875",Mixed Development,No,,,Small,6508.0,219.0,222,Y,169875,1.28758307609324,103.840038444643,OUTRAM
"9 SCOTTS ROAD, SINGAPORE 228210",Mixed Development,No,,,Small,11000.0,309.0,347,Y,228210,1.30654704697701,103.832128174215,ORCHARD
"1001 UPPER SERANGOON ROAD, SINGAPORE 534739",Mixed Development,No,,,Small,976.0,98.0,106,Y,534739,1.36254276425588,103.887233439196,HOUGANG
"1 LIANG SEAH STREET, SINGAPORE 189022",Mixed Development,No,,,Small,2539.0,518.0,499,Y,189022,1.29791212335193,103.856336963143,DOWNTOWN CORE
"101 KITCHENER ROAD, SINGAPORE 208511",Mixed Development,No,,,Small,7845.0,214.0,206,Y,208511,1.30865766748104,103.858066663176,KALLANG
"6 YIO CHU KANG ROAD, SINGAPORE 545521",Mixed Development,No,,,Small,1945.0,16.0,18,Y,545521,1.35458411311499,103.877789977988,HOUGANG
"41 SUNSET WAY, SINGAPORE 597071",Mixed Development,No,,,Small,3608.0,329.0,360,Y,597071,1.32355286918436,103.767515486547,CLEMENTI
"291 SERANGOON ROAD, SINGAPORE 218107",Mixed Development,No,,,Small,1502.0,296.0,315,Y,218107,1.31120553385429,103.854623458775,ROCHOR
"69 AYER RAJAH CRESCENT, SINGAPORE 139961",Mixed Development,No,,,Small,2749.0,202.0,199,Y,139961,1.29620081110118,103.786975733387,QUEENSTOWN
"288 BALESTIER ROAD, SINGAPORE 329731",Mixed Development,No,,,Small,2002.0,44.0,55,Y,329731,1.32297698121569,103.852811354547,NOVENA
"10 NEO TIEW LANE 2, SINGAPORE 718813",Mixed Development,No,,,Small,3057.0,179.0,219,Y,718813,1.41927816224448,103.718425682733,LIM CHU KANG
